user_id,timestamp,group,landing_page,converted
600519,2017-01-12 06:25:44.000000,control,old_page,0
600489,2017-01-11 11:58:11.000000,control,new_page,0
608087,2017-01-14 14:02:35.000000,control,old_page,0
609196,2017-01-03 04:06:41.000000,control,old_page,0
611247,2017-01-08 10:41:42.000000,treatment,new_page,0
606529,2017-01-15 06:48:45.000000,control,old_page,0
600212,2017-01-05 01:20:36.000000,treatment,new_page,0
608511,2017-01-10 23:28:45.000000,treatment,new_page,0
602088,2017-01-02 13:23:37.000000,treatment,new_page,0
610773,2017-01-09 15:54:42.000000,treatment,new_page,1
611200,2017-01-11 13:46:24.000000,treatment,new_page,0
602294,2017-01-08 19:46:26.000000,treatment,new_page,1
606365,2017-01-09 20:39:23.000000,treatment,new_page,0
602011,2017-01-06 14:59:19.000000,treatment,new_page,0
605971,2017-01-16 10:06:32.000000,treatment,new_page,0
609013,2017-01-08 13:50:08.000000,control,old_page,0
602399,2017-01-12 01:07:27.000000,treatment,new_page,0
601091,2017-01-04 18:25:37.000000,treatment,new_page,0
605722,2017-01-06 01:05:15.000000,treatment,new_page,0
603349,2017-01-08 21:06:22.000000,control,old_page,0
610895,2017-01-15 00:08:45.000000,control,old_page,0
606371,2017-01-06 16:52:55.000000,control,old_page,1
603158,2017-01-11 08:58:01.000000,treatment,new_page,0
605874,2017-01-09 08:52:32.000000,control,old_page,0
607342,2017-01-04 21:44:35.000000,treatment,new_page,0
610300,2017-01-12 20:17:50.000000,control,old_page,0
607115,2017-01-06 07:40:03.000000,control,old_page,0
608503,2017-01-04 21:14:04.000000,control,old_page,0
601261,2017-01-15 07:14:23.000000,control,old_page,0
603481,2017-01-07 08:54:05.000000,treatment,new_page,0
604827,2017-01-14 23:34:04.000000,treatment,new_page,1
602997,2017-01-12 15:17:51.000000,treatment,new_page,0
606747,2017-01-14 09:36:31.000000,control,old_page,0
601266,2017-01-04 07:57:46.000000,control,new_page,0
603895,2017-01-15 04:20:24.000000,treatment,new_page,0
608014,2017-01-13 21:34:32.000000,treatment,new_page,0
600816,2017-01-10 09:36:37.000000,control,old_page,0
609654,2017-01-07 06:31:28.000000,control,new_page,0
603559,2017-01-08 03:41:33.000000,treatment,new_page,0
602204,2017-01-08 11:27:41.000000,control,old_page,0
608661,2017-01-09 02:55:53.000000,treatment,new_page,0
608067,2017-01-11 15:03:30.000000,treatment,new_page,0
606792,2017-01-07 05:12:48.000000,treatment,new_page,0
602593,2017-01-03 04:59:27.000000,control,old_page,0
601006,2017-01-06 09:28:34.000000,control,old_page,0
603862,2017-01-09 03:01:58.000000,control,old_page,0
602471,2017-01-15 17:58:34.000000,control,old_page,0
604586,2017-01-08 07:07:53.000000,treatment,new_page,0
602215,2017-01-14 17:27:36.000000,treatment,new_page,1
600966,2017-01-11 00:31:33.000000,control,old_page,0
600167,2017-01-03 23:09:27.000000,control,old_page,1
603572,2017-01-09 10:50:10.000000,treatment,new_page,0
602711,2017-01-13 01:37:41.000000,treatment,new_page,0
604626,2017-01-12 09:52:19.000000,treatment,new_page,0
608319,2017-01-14 22:33:37.000000,treatment,new_page,0
603187,2017-01-15 01:48:30.000000,control,old_page,0
604298,2017-01-14 06:31:26.000000,treatment,new_page,1
609871,2017-01-10 07:30:13.000000,treatment,new_page,1
608790,2017-01-06 15:34:26.000000,treatment,new_page,0
610315,2017-01-05 12:03:27.000000,control,old_page,0
609794,2017-01-13 15:55:24.000000,treatment,new_page,0
610272,2017-01-12 16:21:01.000000,treatment,new_page,0
601867,2017-01-08 10:13:20.000000,control,old_page,0
603959,2017-01-08 12:08:35.000000,treatment,new_page,0
609987,2017-01-06 07:26:28.000000,treatment,new_page,0
600780,2017-01-03 08:03:31.000000,treatment,old_page,0
607962,2017-01-03 19:53:11.000000,treatment,new_page,0
608828,2017-01-10 00:17:46.000000,treatment,new_page,0
605801,2017-01-06 21:42:29.000000,treatment,new_page,0
611420,2017-01-06 21:15:28.000000,control,old_page,0
606143,2017-01-16 09:50:50.000000,control,old_page,0
611015,2017-01-10 04:02:29.000000,control,old_page,0
603584,2017-01-03 00:17:55.000000,control,new_page,0
602761,2017-01-10 13:35:26.000000,control,old_page,1
600873,2017-01-05 01:21:06.000000,treatment,new_page,0
606837,2017-01-05 15:18:58.000000,control,old_page,0
606741,2017-01-15 14:07:22.000000,control,old_page,0
611294,2017-01-12 16:29:05.000000,treatment,new_page,0
610307,2017-01-10 06:36:21.000000,treatment,new_page,0
611867,2017-01-13 22:39:37.000000,control,old_page,0
609927,2017-01-11 05:45:13.000000,treatment,new_page,0
600244,2017-01-06 07:02:01.000000,treatment,new_page,0
600606,2017-01-14 07:21:54.000000,control,old_page,0
608439,2017-01-10 04:07:56.000000,control,old_page,0
600113,2017-01-05 14:15:38.000000,control,old_page,0
604251,2017-01-02 17:43:47.000000,treatment,new_page,0
607470,2017-01-05 14:14:08.000000,treatment,new_page,0
610596,2017-01-14 16:02:01.000000,treatment,new_page,0
610618,2017-01-13 14:11:57.000000,treatment,new_page,0
604138,2017-01-15 05:17:16.000000,control,old_page,0
610837,2017-01-11 22:56:36.000000,treatment,new_page,0
605135,2017-01-09 18:35:07.000000,treatment,new_page,0
604863,2017-01-05 21:58:53.000000,treatment,old_page,0
611490,2017-01-09 08:30:03.000000,control,old_page,0
602319,2017-01-04 00:31:22.000000,control,old_page,0
603764,2017-01-05 21:37:43.000000,control,old_page,0
600044,2017-01-06 12:11:19.000000,control,old_page,0
607566,2017-01-07 11:42:01.000000,control,old_page,1
603044,2017-01-04 07:00:47.000000,treatment,new_page,0
600763,2017-01-14 11:58:28.000000,control,old_page,0
609305,2017-01-16 03:57:36.000000,treatment,new_page,0
610309,2017-01-06 20:10:20.000000,control,old_page,0
603139,2017-01-15 14:46:03.000000,control,old_page,0
610038,2017-01-07 02:39:25.000000,control,old_page,0
604840,2017-01-06 14:21:49.000000,treatment,new_page,0
609407,2017-01-07 00:16:09.000000,control,old_page,0
602551,2017-01-11 13:57:44.000000,control,old_page,0
611857,2017-01-05 12:37:08.000000,control,old_page,0
609002,2017-01-11 12:07:50.000000,control,old_page,0
609405,2017-01-11 07:25:53.000000,treatment,new_page,0
601884,2017-01-14 15:51:54.000000,control,old_page,0
604431,2017-01-03 11:02:27.000000,treatment,new_page,0
601121,2017-01-13 15:17:16.000000,control,old_page,0
604697,2017-01-09 14:49:15.000000,control,old_page,1
601413,2017-01-06 03:05:08.000000,treatment,new_page,0
603799,2017-01-05 18:00:20.000000,control,old_page,0
604834,2017-01-05 19:55:58.000000,control,old_page,1
607169,2017-01-09 09:10:07.000000,control,old_page,0
610136,2017-01-08 05:07:04.000000,control,old_page,1
610806,2017-01-04 15:49:21.000000,control,old_page,0
609621,2017-01-15 00:42:45.000000,treatment,new_page,0
604935,2017-01-11 11:03:00.000000,control,old_page,0
605639,2017-01-09 22:16:51.000000,treatment,new_page,0
609819,2017-01-07 03:33:37.000000,treatment,new_page,0
604619,2017-01-03 14:45:44.000000,control,old_page,0
601617,2017-01-05 22:38:05.000000,treatment,new_page,0
602123,2017-01-08 13:20:45.000000,control,old_page,1
606763,2017-01-08 13:40:00.000000,control,old_page,0
604310,2017-01-04 16:31:25.000000,control,old_page,0
604685,2017-01-15 10:51:24.000000,treatment,new_page,0
609226,2017-01-11 15:04:55.000000,control,old_page,0
604278,2017-01-12 20:59:26.000000,treatment,new_page,0
602888,2017-01-10 17:51:38.000000,control,old_page,0
603736,2017-01-11 15:29:24.000000,treatment,new_page,0
610269,2017-01-09 19:49:24.000000,treatment,new_page,0
602784,2017-01-06 23:31:44.000000,control,old_page,0
611695,2017-01-02 16:42:10.000000,treatment,new_page,0
610994,2017-01-13 02:31:06.000000,treatment,new_page,0
608586,2017-01-07 06:10:43.000000,treatment,new_page,0
609051,2017-01-10 06:20:28.000000,control,old_page,0
602570,2017-01-12 07:59:19.000000,control,old_page,0
604647,2017-01-15 10:17:00.000000,control,old_page,0
601317,2017-01-13 05:05:19.000000,control,old_page,0
600714,2017-01-14 06:29:20.000000,control,old_page,0
609806,2017-01-15 14:32:40.000000,treatment,new_page,0
602323,2017-01-07 09:11:33.000000,treatment,new_page,0
610636,2017-01-09 09:01:32.000000,treatment,new_page,0
604338,2017-01-09 08:40:40.000000,control,old_page,0
603981,2017-01-13 13:52:19.000000,control,old_page,0
606842,2017-01-03 19:47:45.000000,treatment,new_page,0
607032,2017-01-07 05:23:18.000000,treatment,new_page,0
611640,2017-01-16 07:51:19.000000,control,old_page,0
601799,2017-01-14 16:43:58.000000,treatment,new_page,0
600735,2017-01-15 10:14:38.000000,treatment,new_page,0
601040,2017-01-05 21:08:15.000000,control,old_page,0
603228,2017-01-13 13:09:55.000000,treatment,new_page,1
601444,2017-01-09 18:53:18.000000,control,old_page,0
601701,2017-01-02 22:26:55.000000,control,old_page,0
608811,2017-01-12 11:24:22.000000,control,old_page,0
608892,2017-01-08 05:29:29.000000,treatment,new_page,0
603185,2017-01-15 01:58:40.000000,control,old_page,0
607980,2017-01-15 19:29:13.000000,control,old_page,0
601104,2017-01-14 00:13:29.000000,treatment,new_page,0
601695,2017-01-10 07:32:57.000000,treatment,new_page,0
602202,2017-01-08 17:36:57.000000,treatment,new_page,0
611885,2017-01-15 19:55:43.000000,treatment,new_page,0
600073,2017-01-12 05:40:03.000000,control,old_page,0
607206,2017-01-15 11:56:38.000000,control,old_page,0
603083,2017-01-03 13:20:04.000000,control,old_page,0
607951,2017-01-09 02:23:17.000000,treatment,new_page,0
601346,2017-01-14 19:26:33.000000,control,old_page,0
605250,2017-01-12 22:51:15.000000,treatment,new_page,0
605617,2017-01-12 13:49:42.000000,treatment,new_page,0
600127,2017-01-13 04:12:42.000000,treatment,new_page,0
608718,2017-01-07 19:05:14.000000,control,old_page,0
607905,2017-01-09 20:56:27.000000,treatment,new_page,0
605424,2017-01-08 13:51:04.000000,treatment,new_page,0
605033,2017-01-09 22:37:27.000000,control,old_page,0
602098,2017-01-12 23:02:42.000000,treatment,new_page,0
610193,2017-01-11 08:42:16.000000,treatment,new_page,0
611027,2017-01-03 00:56:19.000000,control,old_page,0
611308,2017-01-14 00:40:31.000000,treatment,new_page,0
603211,2017-01-16 05:19:24.000000,treatment,new_page,0
610156,2017-01-14 04:06:46.000000,treatment,new_page,0
606188,2017-01-13 22:03:35.000000,treatment,new_page,0
605812,2017-01-10 19:02:20.000000,control,old_page,0
601651,2017-01-13 18:43:54.000000,treatment,new_page,0
600493,2017-01-15 21:37:28.000000,control,old_page,0
610329,2017-01-04 00:41:24.000000,control,old_page,0
606379,2017-01-14 05:51:40.000000,control,old_page,1
605667,2017-01-03 02:38:38.000000,control,old_page,0
600884,2017-01-12 22:58:33.000000,treatment,new_page,0
608857,2017-01-07 13:50:47.000000,control,old_page,0
604693,2017-01-14 14:07:56.000000,control,old_page,0
610698,2017-01-07 20:37:06.000000,treatment,new_page,0
605860,2017-01-16 00:23:58.000000,control,old_page,1
605372,2017-01-10 10:16:37.000000,treatment,new_page,0
601662,2017-01-11 13:10:05.000000,control,old_page,0
602617,2017-01-12 04:21:29.000000,treatment,new_page,1
605664,2017-01-15 04:11:44.000000,treatment,new_page,0
606336,2017-01-02 15:43:04.000000,control,old_page,0
609670,2017-01-15 16:03:05.000000,treatment,new_page,0
605030,2017-01-12 12:57:58.000000,control,old_page,0
607397,2017-01-05 04:33:59.000000,control,old_page,0
607629,2017-01-10 02:30:41.000000,control,old_page,0
610129,2017-01-10 05:59:18.000000,control,old_page,0
602880,2017-01-15 20:03:10.000000,treatment,new_page,0
605084,2017-01-10 03:32:28.000000,control,old_page,0
609751,2017-01-08 23:48:46.000000,control,old_page,0
610518,2017-01-04 12:16:42.000000,control,old_page,0
600717,2017-01-16 11:51:07.000000,control,old_page,0
603716,2017-01-05 01:38:38.000000,control,old_page,0
601779,2017-01-14 01:59:56.000000,control,old_page,0
610367,2017-01-16 08:35:01.000000,control,old_page,0
602850,2017-01-10 05:07:09.000000,control,old_page,0
602182,2017-01-06 12:26:21.000000,control,old_page,0
607829,2017-01-08 13:11:06.000000,control,old_page,1
601515,2017-01-06 11:39:35.000000,treatment,new_page,0
601887,2017-01-06 06:47:41.000000,treatment,new_page,0
603866,2017-01-05 03:51:04.000000,control,old_page,0
602448,2017-01-07 03:40:25.000000,control,old_page,0
601427,2017-01-13 23:43:48.000000,treatment,new_page,0
607583,2017-01-04 10:04:40.000000,control,old_page,0
611765,2017-01-05 06:55:23.000000,treatment,new_page,0
600328,2017-01-11 20:41:01.000000,control,old_page,0
606926,2017-01-07 08:04:40.000000,control,old_page,0
604149,2017-01-07 13:20:24.000000,treatment,new_page,0
608623,2017-01-15 05:54:21.000000,treatment,new_page,0
608449,2017-01-04 20:54:36.000000,control,old_page,0
603304,2017-01-05 21:25:50.000000,treatment,new_page,0
601366,2017-01-11 22:03:52.000000,treatment,new_page,0
605774,2017-01-03 15:41:30.000000,treatment,new_page,0
610100,2017-01-04 13:42:18.000000,treatment,new_page,0
601816,2017-01-04 14:55:13.000000,treatment,new_page,0
608635,2017-01-16 04:37:38.000000,treatment,new_page,0
600425,2017-01-06 12:24:01.000000,treatment,new_page,1
606183,2017-01-14 01:22:49.000000,control,old_page,0
608434,2017-01-12 23:48:22.000000,treatment,new_page,0
603140,2017-01-04 08:55:25.000000,treatment,new_page,0
606163,2017-01-09 16:34:08.000000,treatment,new_page,0
608754,2017-01-10 22:33:16.000000,treatment,new_page,0
603214,2017-01-04 14:57:07.000000,control,old_page,0
604908,2017-01-06 22:21:06.000000,treatment,new_page,0
608475,2017-01-10 04:23:24.000000,treatment,new_page,1
610891,2017-01-10 20:28:05.000000,treatment,new_page,0
604498,2017-01-07 21:29:34.000000,control,old_page,0
608868,2017-01-13 21:11:27.000000,treatment,old_page,0
602295,2017-01-07 08:11:52.000000,treatment,new_page,0
608290,2017-01-08 18:58:21.000000,control,new_page,0
604886,2017-01-04 03:35:30.000000,control,old_page,1
605856,2017-01-06 14:58:36.000000,treatment,new_page,0
607460,2017-01-02 21:15:51.000000,control,old_page,0
600830,2017-01-04 12:03:49.000000,control,old_page,0
609566,2017-01-10 02:25:17.000000,control,old_page,0
601908,2017-01-10 14:10:08.000000,treatment,new_page,0
600498,2017-01-10 04:49:12.000000,control,old_page,0
602601,2017-01-14 01:10:53.000000,treatment,new_page,0
608313,2017-01-13 23:11:38.000000,treatment,new_page,0
606671,2017-01-10 23:54:13.000000,treatment,new_page,0
604083,2017-01-08 17:12:32.000000,treatment,new_page,0
609801,2017-01-14 16:10:32.000000,treatment,new_page,0
608286,2017-01-14 20:11:07.000000,treatment,new_page,0
603592,2017-01-14 15:20:11.000000,treatment,old_page,0
606283,2017-01-13 15:42:15.000000,control,old_page,0
600419,2017-01-03 07:04:34.000000,treatment,new_page,0
600299,2017-01-09 17:13:53.000000,treatment,new_page,0
611521,2017-01-15 19:06:20.000000,control,old_page,0
606536,2017-01-13 11:31:44.000000,treatment,new_page,0
602498,2017-01-16 10:37:48.000000,treatment,new_page,0
606209,2017-01-03 07:45:47.000000,treatment,new_page,0
607410,2017-01-13 22:46:33.000000,control,old_page,0
608599,2017-01-12 09:42:17.000000,treatment,new_page,0
604416,2017-01-08 18:54:33.000000,control,old_page,1
610002,2017-01-04 22:32:37.000000,treatment,new_page,1
610013,2017-01-10 07:35:52.000000,control,old_page,0
605051,2017-01-04 23:17:14.000000,treatment,new_page,0
600913,2017-01-13 06:30:33.000000,control,old_page,0
608658,2017-01-12 05:40:14.000000,control,old_page,1
604175,2017-01-15 11:46:38.000000,control,old_page,0
603646,2017-01-10 23:19:38.000000,treatment,new_page,0
605832,2017-01-08 06:45:57.000000,control,old_page,0
611671,2017-01-15 12:38:55.000000,treatment,new_page,1
608577,2017-01-03 00:44:26.000000,control,old_page,0
603124,2017-01-12 22:30:25.000000,control,old_page,0
600848,2017-01-12 15:19:53.000000,treatment,new_page,0
605949,2017-01-16 06:13:04.000000,control,old_page,0
606062,2017-01-10 12:26:04.000000,control,old_page,0
603707,2017-01-04 23:58:04.000000,treatment,new_page,0
610633,2017-01-16 12:59:14.000000,treatment,new_page,0
610275,2017-01-07 04:51:41.000000,treatment,new_page,0
606611,2017-01-10 11:12:01.000000,treatment,new_page,0
601901,2017-01-04 14:30:20.000000,control,old_page,0
601194,2017-01-13 02:22:16.000000,control,old_page,0
605844,2017-01-08 12:29:22.000000,treatment,new_page,0
603470,2017-01-14 02:36:15.000000,treatment,new_page,1
607957,2017-01-04 00:27:22.000000,control,old_page,0
603884,2017-01-08 06:35:57.000000,treatment,new_page,0
602990,2017-01-09 20:26:07.000000,control,old_page,0
600351,2017-01-08 13:01:39.000000,treatment,new_page,0
600049,2017-01-07 20:56:06.000000,treatment,new_page,0
601223,2017-01-05 07:05:18.000000,control,old_page,0
605931,2017-01-03 10:26:06.000000,control,old_page,0
606440,2017-01-13 10:08:12.000000,treatment,new_page,0
604288,2017-01-08 06:55:00.000000,treatment,new_page,0
603280,2017-01-10 05:01:33.000000,control,old_page,1
610687,2017-01-08 01:06:37.000000,treatment,new_page,0
608880,2017-01-13 20:57:17.000000,treatment,new_page,0
611577,2017-01-02 21:00:56.000000,control,old_page,0
607811,2017-01-04 19:54:00.000000,control,old_page,0
600264,2017-01-09 07:17:52.000000,treatment,new_page,0
609761,2017-01-05 03:47:48.000000,treatment,new_page,0
601888,2017-01-13 10:36:01.000000,treatment,new_page,0
610991,2017-01-07 21:21:29.000000,control,old_page,1
610098,2017-01-05 05:53:56.000000,control,old_page,0
605731,2017-01-05 09:46:25.000000,treatment,new_page,0
606154,2017-01-13 21:22:05.000000,control,old_page,0
611479,2017-01-05 10:45:40.000000,treatment,new_page,1
611211,2017-01-15 03:57:00.000000,treatment,new_page,0
607484,2017-01-02 21:22:18.000000,control,old_page,0
611088,2017-01-03 13:37:34.000000,control,old_page,0
608706,2017-01-11 20:04:57.000000,control,old_page,0
602788,2017-01-09 03:21:15.000000,treatment,new_page,0
604550,2017-01-15 09:51:47.000000,treatment,new_page,0
603063,2017-01-05 02:49:42.000000,control,old_page,0
608157,2017-01-05 13:57:21.000000,control,old_page,0
608676,2017-01-06 12:40:32.000000,treatment,new_page,0
603147,2017-01-14 00:01:13.000000,treatment,new_page,0
605493,2017-01-08 10:20:31.000000,control,old_page,0
608720,2017-01-06 00:29:51.000000,control,old_page,0
610311,2017-01-04 15:54:23.000000,treatment,new_page,1
602101,2017-01-15 03:35:53.000000,treatment,new_page,1
604284,2017-01-07 01:13:52.000000,control,old_page,1
604857,2017-01-15 10:58:05.000000,treatment,new_page,0
602694,2017-01-02 21:12:01.000000,treatment,new_page,0
609361,2017-01-12 22:02:09.000000,treatment,new_page,0
611191,2017-01-08 23:40:09.000000,treatment,new_page,0
600760,2017-01-05 08:58:07.000000,control,old_page,0
601542,2017-01-11 11:06:35.000000,treatment,new_page,0
602276,2017-01-03 12:29:37.000000,control,old_page,0
600399,2017-01-15 12:08:58.000000,control,old_page,0
603460,2017-01-15 12:04:02.000000,treatment,new_page,0
607482,2017-01-11 16:56:33.000000,control,old_page,0
606940,2017-01-06 11:16:31.000000,control,old_page,0
601812,2017-01-13 00:34:10.000000,control,old_page,0
611740,2017-01-10 13:16:03.000000,treatment,new_page,0
606721,2017-01-05 10:54:19.000000,control,old_page,0
610050,2017-01-03 15:21:02.000000,treatment,new_page,0
605078,2017-01-15 10:22:01.000000,control,old_page,0
605803,2017-01-08 11:53:23.000000,treatment,new_page,0
603021,2017-01-08 18:28:29.000000,treatment,new_page,0
603845,2017-01-13 23:29:17.000000,control,old_page,0
609135,2017-01-13 15:40:10.000000,control,old_page,0
607970,2017-01-14 07:30:24.000000,treatment,new_page,0
607888,2017-01-14 09:29:38.000000,control,old_page,0
606815,2017-01-06 19:22:15.000000,treatment,new_page,0
605732,2017-01-06 08:21:56.000000,treatment,new_page,0
600238,2017-01-03 12:14:25.000000,treatment,new_page,0
610281,2017-01-03 12:34:01.000000,control,old_page,0
602064,2017-01-12 07:40:39.000000,treatment,new_page,0
605436,2017-01-02 22:28:37.000000,control,old_page,0
607922,2017-01-04 20:56:55.000000,control,new_page,0
608806,2017-01-03 14:55:40.000000,control,old_page,0
610119,2017-01-04 02:04:42.000000,control,old_page,0
607135,2017-01-04 23:23:25.000000,treatment,new_page,0
607733,2017-01-04 18:28:37.000000,control,old_page,0
607940,2017-01-08 10:21:04.000000,treatment,new_page,0
605306,2017-01-05 17:50:55.000000,control,old_page,0
603014,2017-01-08 11:02:22.000000,treatment,new_page,0
602993,2017-01-04 07:27:22.000000,treatment,new_page,0
607756,2017-01-09 06:51:09.000000,control,old_page,0
601492,2017-01-14 03:08:02.000000,treatment,new_page,0
602773,2017-01-12 21:09:36.000000,treatment,new_page,1
610980,2017-01-07 11:20:17.000000,treatment,new_page,1
610222,2017-01-14 08:30:52.000000,control,old_page,0
607524,2017-01-13 19:16:07.000000,control,old_page,0
610428,2017-01-09 09:13:01.000000,control,old_page,0
609851,2017-01-06 01:41:17.000000,control,old_page,0
610580,2017-01-03 13:16:07.000000,control,old_page,1
603916,2017-01-06 01:46:23.000000,treatment,new_page,0
605042,2017-01-16 07:54:45.000000,treatment,new_page,0
602417,2017-01-10 16:35:17.000000,control,old_page,0
606405,2017-01-15 04:25:49.000000,treatment,new_page,0
601553,2017-01-15 14:07:36.000000,treatment,new_page,0
608520,2017-01-04 00:25:13.000000,treatment,new_page,0
605680,2017-01-05 13:40:19.000000,control,old_page,0
602264,2017-01-07 11:05:19.000000,control,old_page,0
605310,2017-01-05 23:36:07.000000,control,old_page,0
601475,2017-01-08 08:23:30.000000,control,old_page,0
610840,2017-01-04 04:36:33.000000,control,old_page,0
601160,2017-01-03 13:24:43.000000,control,old_page,0
603050,2017-01-08 15:44:49.000000,treatment,new_page,0
605988,2017-01-15 03:43:57.000000,treatment,new_page,0
607338,2017-01-04 08:41:22.000000,treatment,new_page,0
600216,2017-01-07 15:42:02.000000,treatment,new_page,0
604868,2017-01-15 05:44:24.000000,treatment,new_page,0
604164,2017-01-03 18:23:33.000000,control,old_page,1
602349,2017-01-06 19:35:09.000000,control,old_page,0
610380,2017-01-12 11:41:11.000000,control,old_page,0
611770,2017-01-05 19:46:13.000000,control,old_page,0
601131,2017-01-15 05:57:06.000000,treatment,new_page,1
608884,2017-01-13 14:53:55.000000,treatment,new_page,0
610930,2017-01-04 06:58:20.000000,control,old_page,0
607011,2017-01-10 15:44:00.000000,control,old_page,1
602096,2017-01-06 13:25:31.000000,control,old_page,0
607316,2017-01-03 10:47:30.000000,control,old_page,0
609828,2017-01-04 09:14:07.000000,control,old_page,1
611789,2017-01-05 22:23:18.000000,treatment,new_page,0
606930,2017-01-08 14:42:50.000000,control,old_page,0
611716,2017-01-03 01:26:38.000000,treatment,new_page,0
605102,2017-01-13 01:39:46.000000,treatment,new_page,0
605274,2017-01-03 05:45:41.000000,control,old_page,0
605558,2017-01-04 23:46:50.000000,treatment,new_page,0
601877,2017-01-13 17:54:51.000000,treatment,new_page,0
600289,2017-01-11 09:10:27.000000,control,old_page,0
606726,2017-01-08 00:02:02.000000,control,old_page,0
600124,2017-01-10 02:35:16.000000,control,old_page,0
611626,2017-01-04 01:40:52.000000,treatment,new_page,0
610646,2017-01-08 03:52:14.000000,treatment,old_page,0
611252,2017-01-15 15:47:18.000000,control,old_page,0
609024,2017-01-11 19:28:49.000000,treatment,new_page,0
611101,2017-01-12 09:02:43.000000,treatment,new_page,0
607633,2017-01-13 01:30:55.000000,treatment,new_page,0
606640,2017-01-10 07:12:19.000000,treatment,new_page,0
608129,2017-01-08 06:15:25.000000,control,old_page,0
601247,2017-01-06 18:24:55.000000,treatment,new_page,0
606712,2017-01-09 21:19:46.000000,treatment,new_page,0
604034,2017-01-16 10:22:43.000000,treatment,new_page,0
608401,2017-01-09 15:54:47.000000,control,old_page,0
611625,2017-01-15 01:52:18.000000,treatment,new_page,0
602006,2017-01-14 09:41:17.000000,control,old_page,0
608177,2017-01-04 09:44:29.000000,control,old_page,0
608374,2017-01-05 21:28:20.000000,treatment,new_page,0
611338,2017-01-12 16:25:37.000000,control,old_page,1
603633,2017-01-06 07:17:21.000000,control,new_page,1
602181,2017-01-05 10:34:50.000000,control,old_page,0
608424,2017-01-04 21:26:51.000000,control,old_page,0
611591,2017-01-14 10:23:42.000000,control,old_page,0
607578,2017-01-08 20:44:25.000000,treatment,new_page,0
605387,2017-01-12 05:23:10.000000,control,old_page,0
603455,2017-01-05 19:20:07.000000,treatment,new_page,0
611315,2017-01-11 23:56:04.000000,control,old_page,0
607775,2017-01-14 20:53:19.000000,control,old_page,0
600108,2017-01-04 14:53:48.000000,treatment,new_page,0
602820,2017-01-15 03:23:50.000000,treatment,new_page,0
603381,2017-01-08 13:37:13.000000,control,old_page,0
606908,2017-01-09 22:34:13.000000,treatment,new_page,0
601507,2017-01-15 06:26:15.000000,control,old_page,0
605649,2017-01-15 18:09:02.000000,treatment,new_page,0
608389,2017-01-04 23:50:02.000000,control,old_page,1
610075,2017-01-08 16:37:51.000000,treatment,new_page,0
600224,2017-01-06 11:07:41.000000,treatment,new_page,0
604450,2017-01-06 19:53:15.000000,treatment,new_page,0
602612,2017-01-13 16:23:08.000000,control,old_page,0
601020,2017-01-06 04:35:55.000000,control,old_page,0
601761,2017-01-04 19:28:04.000000,control,old_page,0
604302,2017-01-04 11:38:24.000000,control,old_page,0
605993,2017-01-13 04:27:42.000000,treatment,new_page,0
602199,2017-01-04 09:53:47.000000,control,old_page,0
604973,2017-01-14 15:11:04.000000,treatment,new_page,0
611635,2017-01-14 14:32:41.000000,treatment,new_page,1
611003,2017-01-11 18:27:38.000000,control,old_page,0
611433,2017-01-02 23:37:05.000000,treatment,new_page,0
601379,2017-01-15 03:31:59.000000,control,old_page,0
600584,2017-01-12 06:16:49.000000,treatment,new_page,0
604508,2017-01-03 15:33:21.000000,treatment,new_page,0
606742,2017-01-12 02:24:11.000000,treatment,new_page,0
602937,2017-01-06 20:35:00.000000,treatment,new_page,0
611421,2017-01-14 16:32:27.000000,treatment,new_page,0
610278,2017-01-09 23:37:42.000000,control,old_page,0
600334,2017-01-13 19:37:11.000000,control,old_page,0
610005,2017-01-15 08:11:46.000000,treatment,new_page,0
606316,2017-01-04 04:45:03.000000,control,old_page,0
605286,2017-01-12 04:35:32.000000,treatment,new_page,0
607967,2017-01-14 13:32:09.000000,control,old_page,0
605214,2017-01-03 19:20:59.000000,treatment,new_page,0
605749,2017-01-12 16:15:18.000000,control,old_page,0
607167,2017-01-08 00:35:13.000000,treatment,new_page,0
603009,2017-01-05 07:49:49.000000,treatment,new_page,0
605324,2017-01-16 00:42:14.000000,treatment,new_page,0
600581,2017-01-06 10:41:14.000000,control,old_page,0
608273,2017-01-15 22:14:30.000000,control,old_page,1
609401,2017-01-16 01:17:10.000000,treatment,new_page,0
607052,2017-01-09 13:44:13.000000,control,old_page,0
603082,2017-01-02 19:29:43.000000,treatment,new_page,0
603373,2017-01-05 08:43:52.000000,control,old_page,0
611290,2017-01-09 23:29:24.000000,control,old_page,0
605626,2017-01-12 06:58:42.000000,treatment,new_page,0
610336,2017-01-07 02:38:00.000000,control,old_page,0
601527,2017-01-07 00:38:34.000000,treatment,new_page,0
611357,2017-01-07 07:33:48.000000,control,old_page,0
604927,2017-01-08 00:34:50.000000,treatment,new_page,0
603825,2017-01-10 21:42:01.000000,treatment,new_page,1
603360,2017-01-08 14:43:04.000000,treatment,new_page,0
610453,2017-01-10 08:22:39.000000,control,old_page,0
606322,2017-01-06 16:22:31.000000,treatment,new_page,0
609960,2017-01-15 09:14:07.000000,control,old_page,0
604236,2017-01-05 04:20:54.000000,treatment,new_page,0
600156,2017-01-08 13:51:10.000000,control,old_page,0
606782,2017-01-09 06:35:40.000000,control,old_page,0
610166,2017-01-03 01:11:48.000000,control,old_page,0
602357,2017-01-16 05:19:28.000000,control,old_page,0
604536,2017-01-13 11:23:17.000000,control,old_page,0
611684,2017-01-13 11:02:56.000000,treatment,new_page,1
605627,2017-01-12 02:05:39.000000,treatment,new_page,0
610500,2017-01-11 11:51:15.000000,control,old_page,0
602075,2017-01-07 16:24:44.000000,control,old_page,0
608477,2017-01-02 17:38:35.000000,control,old_page,0
609473,2017-01-05 15:10:16.000000,treatment,new_page,0
607701,2017-01-05 11:43:41.000000,treatment,new_page,0
604116,2017-01-10 00:35:12.000000,treatment,new_page,0
601576,2017-01-03 01:40:55.000000,control,old_page,0
603490,2017-01-11 18:59:23.000000,treatment,new_page,0
604659,2017-01-03 12:48:39.000000,control,old_page,0
603940,2017-01-09 02:12:14.000000,treatment,new_page,0
604422,2017-01-12 01:43:34.000000,control,old_page,0
603463,2017-01-08 15:12:10.000000,treatment,new_page,0
604522,2017-01-11 16:06:43.000000,treatment,new_page,1
607824,2017-01-04 09:50:32.000000,control,old_page,0
606029,2017-01-13 08:00:44.000000,control,old_page,0
605199,2017-01-03 08:44:15.000000,control,old_page,1
603913,2017-01-15 11:28:21.000000,treatment,new_page,1
602851,2017-01-05 00:47:38.000000,control,old_page,1
610178,2017-01-10 10:54:54.000000,treatment,new_page,0
607491,2017-01-13 14:38:16.000000,control,old_page,0
606493,2017-01-08 10:10:50.000000,control,old_page,0
606949,2017-01-12 18:18:20.000000,control,old_page,0
602297,2017-01-04 18:34:53.000000,treatment,new_page,0
611678,2017-01-07 20:16:05.000000,control,old_page,1
603888,2017-01-16 00:16:32.000000,treatment,new_page,0
603587,2017-01-13 04:23:46.000000,treatment,new_page,0
604958,2017-01-09 04:01:05.000000,treatment,new_page,0
607045,2017-01-13 03:03:42.000000,control,old_page,0
603703,2017-01-08 23:50:55.000000,treatment,new_page,0
609073,2017-01-14 08:25:45.000000,treatment,new_page,0
600463,2017-01-16 08:57:41.000000,treatment,new_page,0
604999,2017-01-13 06:48:27.000000,control,old_page,1
604025,2017-01-10 13:53:10.000000,treatment,new_page,1
607466,2017-01-08 22:05:37.000000,treatment,new_page,1
604282,2017-01-15 22:35:32.000000,treatment,new_page,0
600442,2017-01-14 19:44:36.000000,treatment,new_page,1
603771,2017-01-12 05:53:57.000000,treatment,new_page,0
602691,2017-01-11 20:17:52.000000,control,old_page,0
605298,2017-01-09 21:13:23.000000,treatment,new_page,0
610480,2017-01-08 21:02:11.000000,control,old_page,0
604694,2017-01-09 15:47:00.000000,control,old_page,0
601818,2017-01-04 07:49:14.000000,control,old_page,0
606676,2017-01-09 09:52:57.000000,control,old_page,0
603151,2017-01-07 23:05:07.000000,treatment,new_page,0
604749,2017-01-12 06:57:58.000000,treatment,new_page,0
608027,2017-01-16 05:03:26.000000,control,old_page,0
600930,2017-01-09 13:36:54.000000,control,old_page,1
611181,2017-01-11 20:37:54.000000,control,old_page,0
611425,2017-01-14 22:33:02.000000,control,old_page,0
609180,2017-01-05 23:41:30.000000,treatment,new_page,0
611254,2017-01-03 18:55:05.000000,control,old_page,0
608833,2017-01-06 20:41:41.000000,control,new_page,0
604378,2017-01-11 03:07:11.000000,treatment,new_page,0
610391,2017-01-06 04:59:11.000000,treatment,new_page,0
601130,2017-01-08 09:08:19.000000,treatment,new_page,0
610285,2017-01-04 11:44:44.000000,control,old_page,1
603058,2017-01-03 15:30:55.000000,treatment,old_page,1
608243,2017-01-08 07:46:38.000000,control,old_page,1
608234,2017-01-15 12:31:15.000000,control,old_page,0
603696,2017-01-07 14:35:55.000000,treatment,new_page,0
603038,2017-01-15 11:36:53.000000,control,old_page,1
607567,2017-01-06 06:09:26.000000,control,old_page,0
611226,2017-01-15 16:51:35.000000,treatment,new_page,0
605739,2017-01-11 15:08:19.000000,control,old_page,0
611837,2017-01-03 13:44:04.000000,control,old_page,0
602268,2017-01-12 09:48:38.000000,control,old_page,0
610538,2017-01-14 03:51:32.000000,control,old_page,0
606620,2017-01-16 12:31:41.000000,treatment,new_page,0
604850,2017-01-07 19:55:19.000000,control,old_page,0
607971,2017-01-02 13:01:14.000000,control,old_page,0
600228,2017-01-16 03:45:06.000000,control,old_page,1
606779,2017-01-05 19:10:54.000000,treatment,new_page,0
602708,2017-01-13 14:35:46.000000,treatment,new_page,0
605758,2017-01-05 18:22:01.000000,treatment,new_page,0
603712,2017-01-16 12:52:21.000000,control,old_page,0
604160,2017-01-15 15:54:32.000000,control,old_page,0
609945,2017-01-11 03:53:38.000000,control,old_page,0
601334,2017-01-11 20:47:00.000000,treatment,new_page,0
611533,2017-01-11 07:22:20.000000,control,old_page,1
606560,2017-01-10 17:03:16.000000,control,old_page,0
602104,2017-01-05 11:15:03.000000,treatment,new_page,0
601323,2017-01-12 05:16:09.000000,control,old_page,0
605453,2017-01-08 20:03:48.000000,treatment,new_page,1
601943,2017-01-08 11:05:22.000000,treatment,new_page,0
602459,2017-01-09 16:35:14.000000,treatment,new_page,0
606699,2017-01-03 21:48:55.000000,control,old_page,0
607894,2017-01-04 15:06:02.000000,treatment,new_page,0
608523,2017-01-12 12:33:29.000000,control,old_page,0
605528,2017-01-07 04:57:55.000000,control,old_page,0
600364,2017-01-07 17:38:11.000000,control,old_page,0
608425,2017-01-16 05:37:49.000000,treatment,new_page,0
608764,2017-01-14 17:53:54.000000,treatment,new_page,0
607105,2017-01-05 03:00:26.000000,treatment,new_page,0
601936,2017-01-14 06:19:29.000000,control,old_page,1
603964,2017-01-09 11:33:26.000000,control,old_page,0
608257,2017-01-02 20:11:17.000000,control,old_page,0
601315,2017-01-09 18:16:04.000000,control,old_page,0
605903,2017-01-16 00:46:17.000000,treatment,new_page,0
606223,2017-01-05 04:17:11.000000,control,old_page,0
601976,2017-01-06 17:30:16.000000,treatment,new_page,0
603734,2017-01-10 09:25:25.000000,treatment,new_page,0
606258,2017-01-07 11:14:24.000000,treatment,new_page,0
606049,2017-01-07 10:14:35.000000,treatment,new_page,0
608643,2017-01-16 00:11:55.000000,treatment,new_page,0
607360,2017-01-05 22:48:59.000000,treatment,new_page,0
600329,2017-01-05 03:05:29.000000,treatment,new_page,0
605571,2017-01-11 03:56:34.000000,treatment,new_page,0
610067,2017-01-12 11:22:41.000000,treatment,new_page,0
608476,2017-01-15 04:40:38.000000,control,old_page,0
610508,2017-01-09 09:48:23.000000,control,old_page,0
608912,2017-01-04 17:39:39.000000,control,old_page,0
606553,2017-01-11 15:50:28.000000,treatment,new_page,0
602735,2017-01-07 12:42:34.000000,treatment,new_page,0
605681,2017-01-13 12:58:38.000000,control,old_page,0
610232,2017-01-07 11:15:36.000000,treatment,new_page,0
605698,2017-01-05 02:17:56.000000,control,old_page,0
607228,2017-01-05 21:16:30.000000,control,old_page,0
605998,2017-01-05 13:42:59.000000,control,old_page,1
607097,2017-01-09 16:47:20.000000,control,old_page,1
609608,2017-01-14 06:51:36.000000,treatment,new_page,0
603118,2017-01-10 06:07:25.000000,control,old_page,0
605008,2017-01-05 19:20:42.000000,control,old_page,0
604183,2017-01-04 21:39:35.000000,control,old_page,0
611244,2017-01-07 17:40:50.000000,control,old_page,0
608628,2017-01-10 17:49:21.000000,treatment,new_page,1
604373,2017-01-15 09:53:42.000000,treatment,new_page,1
603354,2017-01-04 07:10:04.000000,treatment,new_page,0
601191,2017-01-13 07:35:43.000000,control,old_page,1
607997,2017-01-14 12:10:20.000000,control,old_page,0
609281,2017-01-04 07:33:26.000000,control,old_page,1
608246,2017-01-04 14:49:43.000000,treatment,new_page,0
605586,2017-01-05 00:20:32.000000,treatment,new_page,1
611782,2017-01-04 13:40:54.000000,control,old_page,0
608457,2017-01-11 12:16:22.000000,control,old_page,0
608854,2017-01-10 23:05:47.000000,treatment,new_page,0
603979,2017-01-03 03:30:44.000000,control,old_page,0
605213,2017-01-15 20:04:28.000000,treatment,new_page,0
605218,2017-01-05 20:16:46.000000,control,old_page,0
607496,2017-01-12 21:04:30.000000,treatment,new_page,0
610743,2017-01-08 11:56:59.000000,treatment,new_page,0
609128,2017-01-08 14:36:03.000000,control,old_page,0
609146,2017-01-08 09:54:26.000000,treatment,new_page,0
605105,2017-01-06 04:39:24.000000,treatment,new_page,0
607771,2017-01-13 00:21:05.000000,control,old_page,0
606567,2017-01-03 22:20:44.000000,treatment,new_page,0
608872,2017-01-03 08:43:08.000000,control,old_page,1
600014,2017-01-07 18:25:45.000000,treatment,new_page,0
603880,2017-01-10 15:19:06.000000,control,old_page,0
606037,2017-01-06 02:52:19.000000,control,old_page,0
610430,2017-01-11 12:17:19.000000,treatment,new_page,0
602876,2017-01-05 07:25:24.000000,control,old_page,0
611306,2017-01-15 22:38:00.000000,treatment,new_page,0
605158,2017-01-05 12:13:53.000000,treatment,new_page,0
600249,2017-01-12 12:50:25.000000,treatment,new_page,0
608614,2017-01-10 01:56:36.000000,control,old_page,0
604607,2017-01-04 15:22:29.000000,control,old_page,0
600039,2017-01-06 11:45:10.000000,control,old_page,0
608469,2017-01-11 03:03:27.000000,treatment,new_page,0
604651,2017-01-10 16:33:22.000000,treatment,new_page,1
604484,2017-01-13 23:30:19.000000,treatment,new_page,0
601256,2017-01-15 22:21:27.000000,control,old_page,0
601719,2017-01-05 22:31:54.000000,treatment,new_page,0
603619,2017-01-15 04:27:41.000000,control,old_page,0
609618,2017-01-08 22:05:41.000000,treatment,new_page,1
608330,2017-01-04 10:02:13.000000,treatment,new_page,0
611446,2017-01-05 01:20:00.000000,treatment,new_page,0
605550,2017-01-07 13:42:27.000000,control,old_page,0
604568,2017-01-03 14:14:03.000000,control,old_page,1
601275,2017-01-08 00:20:45.000000,control,old_page,0
609272,2017-01-05 18:12:55.000000,treatment,new_page,1
603870,2017-01-08 03:39:55.000000,treatment,new_page,0
601769,2017-01-16 06:38:07.000000,treatment,new_page,0
610338,2017-01-06 11:37:06.000000,control,old_page,0
611269,2017-01-05 03:38:44.000000,control,old_page,0
609769,2017-01-12 18:44:00.000000,treatment,new_page,0
602755,2017-01-07 10:28:59.000000,control,old_page,0
606223,2017-01-05 04:17:11.000000,control,old_page,0
604629,2017-01-08 08:15:50.000000,treatment,new_page,1
605421,2017-01-09 19:59:30.000000,control,old_page,0
603191,2017-01-14 17:20:28.000000,treatment,new_page,0
600442,2017-01-14 19:44:36.000000,treatment,new_page,1
604400,2017-01-07 19:18:34.000000,treatment,new_page,0
604438,2017-01-14 03:32:11.000000,control,old_page,0
606374,2017-01-11 23:21:20.000000,treatment,new_page,0
608126,2017-01-10 15:53:03.000000,treatment,new_page,1
603687,2017-01-10 08:35:33.000000,control,old_page,0
610554,2017-01-11 00:31:46.000000,treatment,new_page,0
609890,2017-01-07 23:28:06.000000,control,old_page,0
609274,2017-01-08 11:06:20.000000,treatment,new_page,0
603796,2017-01-13 08:35:24.000000,treatment,new_page,0
607925,2017-01-14 18:29:36.000000,treatment,new_page,0
604117,2017-01-09 03:09:31.000000,control,old_page,0
600844,2017-01-08 02:06:25.000000,control,old_page,0
603519,2017-01-06 07:27:13.000000,control,old_page,0
601180,2017-01-09 00:22:33.000000,treatment,new_page,0
605753,2017-01-10 17:47:46.000000,treatment,new_page,0
610632,2017-01-13 00:56:32.000000,treatment,new_page,0
600936,2017-01-14 16:25:26.000000,treatment,new_page,0
601145,2017-01-11 14:27:51.000000,control,old_page,1
608056,2017-01-05 02:25:06.000000,treatment,new_page,0
603665,2017-01-06 10:24:24.000000,control,new_page,0
607136,2017-01-04 23:05:48.000000,control,old_page,1
609415,2017-01-05 10:26:00.000000,treatment,new_page,0
610540,2017-01-06 05:54:49.000000,treatment,new_page,0
602530,2017-01-05 02:32:12.000000,treatment,new_page,1
600478,2017-01-08 08:59:55.000000,treatment,new_page,0
602203,2017-01-08 02:03:18.000000,treatment,new_page,1
600020,2017-01-08 23:05:40.000000,treatment,new_page,0
611012,2017-01-13 06:35:38.000000,treatment,new_page,0
605716,2017-01-08 22:36:45.000000,treatment,new_page,0
606646,2017-01-06 01:17:39.000000,treatment,new_page,0
601136,2017-01-15 17:57:02.000000,treatment,new_page,0
610314,2017-01-13 17:24:50.000000,treatment,new_page,0
608096,2017-01-05 21:19:01.000000,treatment,new_page,0
608547,2017-01-15 23:05:03.000000,control,old_page,1
603271,2017-01-04 21:55:27.000000,control,old_page,0
600063,2017-01-06 00:13:43.000000,control,old_page,0
607345,2017-01-15 19:43:47.000000,treatment,new_page,0
606358,2017-01-11 23:43:03.000000,control,old_page,0
604119,2017-01-11 13:27:47.000000,control,old_page,0
611125,2017-01-11 13:27:12.000000,treatment,new_page,0
605394,2017-01-05 17:28:48.000000,control,old_page,1
600855,2017-01-04 04:06:28.000000,control,old_page,1
605119,2017-01-10 01:54:10.000000,control,old_page,0
605343,2017-01-14 07:38:57.000000,control,old_page,1
603871,2017-01-10 04:45:59.000000,control,old_page,0
610411,2017-01-09 13:32:31.000000,control,old_page,0
600369,2017-01-13 20:25:14.000000,control,old_page,0
607059,2017-01-04 08:40:56.000000,control,old_page,0
602150,2017-01-12 18:10:14.000000,control,old_page,0
610178,2017-01-10 10:54:54.000000,treatment,new_page,0
605290,2017-01-08 18:15:44.000000,control,old_page,0
611693,2017-01-03 14:43:52.000000,control,old_page,0
609037,2017-01-11 15:00:30.000000,treatment,new_page,0
610755,2017-01-03 05:26:54.000000,treatment,new_page,0
611299,2017-01-03 10:26:10.000000,control,old_page,0
603697,2017-01-13 21:39:51.000000,treatment,new_page,1
601470,2017-01-09 03:13:51.000000,control,old_page,0
603528,2017-01-03 09:28:45.000000,treatment,new_page,0
609492,2017-01-07 08:42:53.000000,control,old_page,0
604787,2017-01-06 00:40:33.000000,control,old_page,0
609631,2017-01-15 03:22:54.000000,control,old_page,0
600209,2017-01-15 09:07:49.000000,control,old_page,0
608538,2017-01-07 13:07:14.000000,treatment,new_page,1
610235,2017-01-04 03:27:40.000000,control,old_page,0
611871,2017-01-16 02:12:41.000000,control,old_page,0
604624,2017-01-03 08:35:07.000000,control,old_page,0
606602,2017-01-15 20:40:05.000000,treatment,new_page,0
605186,2017-01-11 23:18:02.000000,control,old_page,0
604977,2017-01-10 11:27:56.000000,control,old_page,0
600036,2017-01-11 18:26:22.000000,control,old_page,0
605769,2017-01-11 22:34:50.000000,control,old_page,0
610882,2017-01-16 03:19:58.000000,treatment,new_page,0
601498,2017-01-12 04:15:57.000000,treatment,new_page,0
611166,2017-01-03 18:39:39.000000,treatment,new_page,0
607227,2017-01-12 18:17:42.000000,control,old_page,0
605907,2017-01-15 14:29:03.000000,control,old_page,0
604713,2017-01-11 13:38:55.000000,treatment,new_page,0
606047,2017-01-03 20:48:39.000000,control,old_page,0
607976,2017-01-04 21:25:37.000000,control,old_page,1
607305,2017-01-05 16:26:56.000000,treatment,new_page,1
600435,2017-01-08 10:28:12.000000,control,old_page,0
606348,2017-01-05 03:43:49.000000,treatment,old_page,0
609911,2017-01-12 03:49:48.000000,control,old_page,0
602545,2017-01-12 07:01:07.000000,control,old_page,0
606001,2017-01-09 20:37:10.000000,treatment,new_page,0
607243,2017-01-04 09:53:37.000000,control,old_page,0
605272,2017-01-07 03:18:43.000000,control,old_page,0
604860,2017-01-02 23:07:27.000000,control,new_page,0
610950,2017-01-05 03:57:38.000000,control,old_page,0
606885,2017-01-15 08:38:49.000000,treatment,new_page,1
603635,2017-01-14 16:13:26.000000,control,old_page,0
609534,2017-01-03 11:42:49.000000,control,old_page,0
609213,2017-01-02 20:01:45.000000,control,old_page,0
606338,2017-01-08 14:27:38.000000,control,old_page,0
605229,2017-01-05 18:46:30.000000,control,old_page,0
610188,2017-01-07 06:21:49.000000,treatment,new_page,0
610914,2017-01-08 12:54:13.000000,control,old_page,0
601904,2017-01-06 13:53:57.000000,treatment,new_page,1
610985,2017-01-14 08:15:55.000000,control,old_page,0
610838,2017-01-06 02:06:59.000000,treatment,new_page,0
610715,2017-01-12 07:45:53.000000,control,old_page,0
604426,2017-01-04 06:01:05.000000,treatment,new_page,0
608691,2017-01-09 04:57:17.000000,control,old_page,0
600840,2017-01-15 22:10:33.000000,treatment,new_page,0
604250,2017-01-13 02:14:48.000000,treatment,new_page,0
603952,2017-01-10 03:16:33.000000,control,old_page,0
611646,2017-01-08 15:18:56.000000,treatment,new_page,0
605093,2017-01-14 15:48:25.000000,control,old_page,0
600138,2017-01-04 06:16:38.000000,treatment,new_page,0
608556,2017-01-11 14:48:03.000000,control,old_page,0
610962,2017-01-02 18:44:29.000000,control,old_page,0
602526,2017-01-09 05:53:55.000000,treatment,new_page,0
604322,2017-01-09 13:28:34.000000,control,old_page,0
608152,2017-01-15 12:11:08.000000,treatment,new_page,0
600824,2017-01-15 04:46:02.000000,control,old_page,0
608199,2017-01-05 12:30:21.000000,control,old_page,0
611206,2017-01-10 11:13:09.000000,treatment,new_page,0
603961,2017-01-07 03:35:45.000000,control,old_page,0
607768,2017-01-08 23:42:38.000000,control,old_page,0
606517,2017-01-06 00:08:11.000000,control,old_page,0
603300,2017-01-09 23:38:18.000000,treatment,old_page,0
602221,2017-01-10 11:39:59.000000,control,old_page,0
607782,2017-01-07 05:58:24.000000,control,old_page,0
606997,2017-01-12 21:47:16.000000,treatment,new_page,0
609344,2017-01-13 10:58:25.000000,control,old_page,0
611265,2017-01-06 15:59:38.000000,treatment,new_page,0
604654,2017-01-03 19:02:14.000000,control,old_page,0
600851,2017-01-08 17:29:02.000000,control,old_page,0
604241,2017-01-07 19:46:04.000000,treatment,new_page,0
608633,2017-01-12 09:49:24.000000,treatment,new_page,0
600151,2017-01-07 03:55:18.000000,control,old_page,0
603787,2017-01-11 19:48:53.000000,control,old_page,0
602302,2017-01-16 11:18:42.000000,control,old_page,0
611587,2017-01-09 05:14:12.000000,control,old_page,0
606330,2017-01-15 11:05:11.000000,control,old_page,0
602792,2017-01-12 18:40:52.000000,treatment,new_page,0
611491,2017-01-15 10:18:28.000000,control,old_page,0
610448,2017-01-14 09:37:23.000000,treatment,new_page,0
611563,2017-01-09 12:34:32.000000,control,old_page,0
601828,2017-01-11 03:10:12.000000,treatment,new_page,0
609044,2017-01-14 17:10:54.000000,treatment,new_page,0
606444,2017-01-04 11:36:45.000000,treatment,new_page,0
608523,2017-01-12 12:33:29.000000,control,old_page,0
605322,2017-01-10 04:49:01.000000,treatment,new_page,0
611528,2017-01-09 01:43:54.000000,treatment,new_page,0
606768,2017-01-09 15:54:57.000000,treatment,new_page,0
609259,2017-01-04 11:16:53.000000,treatment,old_page,1
607119,2017-01-11 11:44:54.000000,control,old_page,0
606889,2017-01-06 15:10:37.000000,treatment,new_page,0
604875,2017-01-05 16:51:27.000000,treatment,new_page,0
601356,2017-01-13 23:08:12.000000,control,old_page,1
602343,2017-01-07 20:48:59.000000,treatment,new_page,0
603817,2017-01-08 12:26:54.000000,control,old_page,0
608930,2017-01-11 16:12:20.000000,treatment,new_page,0
611582,2017-01-11 11:48:59.000000,control,old_page,0
603137,2017-01-04 12:45:11.000000,treatment,new_page,0
602620,2017-01-16 04:04:20.000000,treatment,new_page,0
600096,2017-01-09 18:51:24.000000,treatment,new_page,0
604531,2017-01-05 14:55:12.000000,control,old_page,0
601918,2017-01-11 14:56:25.000000,control,old_page,0
606496,2017-01-03 05:27:37.000000,treatment,new_page,0
601342,2017-01-10 00:44:16.000000,control,old_page,1
611415,2017-01-15 16:55:26.000000,treatment,new_page,0
602979,2017-01-07 01:55:18.000000,treatment,old_page,0
602548,2017-01-08 07:23:59.000000,control,old_page,0
611158,2017-01-11 13:16:42.000000,control,old_page,0
605712,2017-01-12 07:37:15.000000,treatment,new_page,0
603399,2017-01-03 13:37:12.000000,treatment,new_page,0
601036,2017-01-11 07:46:48.000000,control,old_page,0
606990,2017-01-11 18:34:17.000000,control,old_page,0
610122,2017-01-13 04:39:40.000000,control,old_page,0
604319,2017-01-12 18:15:34.000000,control,old_page,0
609137,2017-01-14 00:03:29.000000,treatment,new_page,0
600324,2017-01-10 01:49:56.000000,control,old_page,0
600960,2017-01-12 06:16:44.000000,treatment,new_page,0
606960,2017-01-05 14:28:20.000000,control,old_page,0
606404,2017-01-10 12:28:32.000000,control,old_page,0
610161,2017-01-11 06:47:38.000000,control,old_page,0
602489,2017-01-08 01:32:08.000000,treatment,new_page,0
604029,2017-01-06 20:50:13.000000,control,old_page,0
601267,2017-01-13 11:07:44.000000,control,old_page,0
611593,2017-01-03 23:42:54.000000,treatment,new_page,0
610483,2017-01-13 09:12:46.000000,treatment,new_page,0
606833,2017-01-15 22:22:19.000000,treatment,new_page,0
607502,2017-01-06 11:45:16.000000,treatment,new_page,0
604486,2017-01-05 17:02:37.000000,control,new_page,0
605406,2017-01-12 21:10:22.000000,control,old_page,0
609059,2017-01-13 17:20:40.000000,treatment,new_page,0
604112,2017-01-11 02:59:03.000000,control,old_page,0
606922,2017-01-12 07:13:17.000000,control,old_page,1
600536,2017-01-06 08:29:32.000000,control,old_page,0
608393,2017-01-03 02:56:27.000000,treatment,new_page,0
606239,2017-01-06 17:05:44.000000,control,old_page,0
606076,2017-01-09 14:16:22.000000,control,old_page,0
603754,2017-01-03 01:38:31.000000,treatment,new_page,0
611302,2017-01-04 07:46:59.000000,control,old_page,0
602699,2017-01-07 04:01:08.000000,control,old_page,1
609502,2017-01-12 14:49:46.000000,control,old_page,0
602165,2017-01-12 19:45:01.000000,treatment,new_page,1
606540,2017-01-08 20:05:00.000000,treatment,new_page,0
607722,2017-01-12 13:45:40.000000,treatment,new_page,0
600943,2017-01-02 23:55:03.000000,control,old_page,1
609358,2017-01-08 18:05:22.000000,control,old_page,0
604064,2017-01-16 12:02:41.000000,treatment,new_page,0
607986,2017-01-05 23:32:17.000000,treatment,new_page,0
602973,2017-01-13 07:06:12.000000,treatment,new_page,0
607937,2017-01-04 16:30:49.000000,treatment,new_page,0
609981,2017-01-14 20:32:25.000000,control,old_page,0
611077,2017-01-12 02:24:30.000000,control,old_page,1
611387,2017-01-12 15:46:38.000000,control,old_page,0
606501,2017-01-06 11:02:17.000000,control,old_page,0
609683,2017-01-02 13:12:21.000000,control,old_page,0
607125,2017-01-07 03:01:07.000000,treatment,new_page,0
600160,2017-01-03 18:28:11.000000,treatment,new_page,0
606917,2017-01-03 22:29:39.000000,control,old_page,0
611564,2017-01-12 17:47:53.000000,control,old_page,0
601360,2017-01-12 07:54:45.000000,control,old_page,0
606568,2017-01-02 14:47:49.000000,control,old_page,0
600882,2017-01-11 11:07:11.000000,control,old_page,0
609560,2017-01-14 02:06:32.000000,control,old_page,0
604837,2017-01-12 17:23:04.000000,treatment,new_page,0
603202,2017-01-06 10:55:57.000000,treatment,new_page,0
600054,2017-01-09 00:58:13.000000,control,old_page,0
608951,2017-01-04 19:05:21.000000,control,old_page,0
609565,2017-01-13 05:33:38.000000,control,old_page,0
603946,2017-01-14 10:24:44.000000,treatment,new_page,0
601169,2017-01-09 04:09:36.000000,control,old_page,0
604311,2017-01-15 15:06:18.000000,treatment,new_page,0
603306,2017-01-13 09:09:37.000000,treatment,new_page,0
607536,2017-01-12 14:35:23.000000,treatment,new_page,1
607066,2017-01-07 13:32:32.000000,control,old_page,0
607902,2017-01-12 19:09:39.000000,control,old_page,0
605232,2017-01-09 09:09:31.000000,control,old_page,0
609124,2017-01-07 23:36:05.000000,control,old_page,0
608937,2017-01-12 02:26:04.000000,treatment,new_page,0
606194,2017-01-11 15:16:43.000000,control,old_page,0
606013,2017-01-13 13:31:07.000000,treatment,new_page,0
607933,2017-01-13 17:43:02.000000,control,old_page,0
600085,2017-01-05 07:43:52.000000,treatment,new_page,0
602252,2017-01-12 13:37:22.000000,treatment,new_page,0
600925,2017-01-12 03:15:27.000000,treatment,new_page,1
607356,2017-01-08 19:15:47.000000,treatment,new_page,0
610564,2017-01-09 08:56:14.000000,control,old_page,0
610522,2017-01-12 06:20:34.000000,treatment,new_page,0
610095,2017-01-04 15:23:30.000000,treatment,new_page,0
608515,2017-01-14 09:57:53.000000,treatment,old_page,0
610403,2017-01-14 15:46:05.000000,control,old_page,0
602347,2017-01-11 03:41:19.000000,treatment,new_page,0
605940,2017-01-05 05:37:51.000000,treatment,new_page,0
600993,2017-01-13 10:59:19.000000,treatment,new_page,0
602893,2017-01-05 12:46:49.000000,treatment,new_page,0
604477,2017-01-13 16:01:12.000000,treatment,new_page,0
607408,2017-01-05 07:35:59.000000,control,old_page,1
603193,2017-01-04 09:54:25.000000,treatment,new_page,0
603163,2017-01-06 13:36:39.000000,treatment,new_page,0
608369,2017-01-15 14:11:02.000000,control,old_page,0
609133,2017-01-15 22:35:48.000000,treatment,new_page,0
610825,2017-01-05 06:40:59.000000,treatment,new_page,0
600611,2017-01-08 08:24:03.000000,treatment,new_page,0
610028,2017-01-09 23:54:36.000000,treatment,new_page,0
603904,2017-01-10 01:00:16.000000,treatment,new_page,0
601095,2017-01-11 00:38:53.000000,treatment,new_page,0
600221,2017-01-02 15:03:55.000000,control,old_page,0
601051,2017-01-05 17:20:29.000000,treatment,new_page,0
604080,2017-01-07 16:41:44.000000,control,old_page,0
604721,2017-01-16 11:41:06.000000,control,old_page,0
601372,2017-01-10 18:31:53.000000,treatment,new_page,0
610870,2017-01-04 14:25:27.000000,treatment,new_page,0
610568,2017-01-06 10:07:37.000000,treatment,new_page,0
600155,2017-01-04 22:19:57.000000,control,old_page,0
611541,2017-01-06 15:39:53.000000,treatment,new_page,0
610218,2017-01-06 07:47:33.000000,treatment,new_page,0
609574,2017-01-04 21:09:21.000000,control,old_page,0
604425,2017-01-13 06:14:23.000000,treatment,new_page,1
608176,2017-01-09 15:20:33.000000,control,old_page,0
601365,2017-01-16 04:16:55.000000,control,old_page,0
607404,2017-01-10 20:28:34.000000,treatment,new_page,0
611170,2017-01-14 08:59:56.000000,control,old_page,0
607568,2017-01-16 10:05:38.000000,control,old_page,0
600147,2017-01-16 12:40:03.000000,control,old_page,0
601664,2017-01-03 19:01:20.000000,control,old_page,0
610711,2017-01-07 01:11:10.000000,treatment,old_page,0
603900,2017-01-10 12:49:20.000000,control,old_page,0
604559,2017-01-14 01:21:55.000000,control,old_page,0
609981,2017-01-14 20:32:25.000000,control,old_page,0
605782,2017-01-10 00:55:01.000000,treatment,new_page,0
608159,2017-01-05 08:19:55.000000,control,new_page,0
602776,2017-01-10 12:27:31.000000,control,old_page,0
611175,2017-01-16 06:55:23.000000,treatment,new_page,0
606551,2017-01-02 18:32:16.000000,control,old_page,0
601150,2017-01-06 18:59:48.000000,treatment,new_page,0
600681,2017-01-08 01:31:13.000000,treatment,new_page,0
607179,2017-01-09 12:11:34.000000,control,old_page,1
600953,2017-01-06 17:07:24.000000,treatment,new_page,0
600523,2017-01-04 14:37:17.000000,treatment,new_page,1
600905,2017-01-16 07:38:49.000000,treatment,new_page,0
605817,2017-01-10 05:53:19.000000,control,old_page,1
606366,2017-01-15 13:20:54.000000,treatment,new_page,0
601549,2017-01-11 14:39:08.000000,control,old_page,0
609266,2017-01-08 11:46:24.000000,control,old_page,0
602856,2017-01-02 13:05:55.000000,treatment,new_page,0
609862,2017-01-12 05:47:37.000000,treatment,new_page,0
602729,2017-01-03 00:30:01.000000,control,old_page,1
607832,2017-01-15 06:59:29.000000,treatment,new_page,0
603625,2017-01-06 14:29:40.000000,treatment,new_page,0
610371,2017-01-11 05:36:56.000000,treatment,new_page,0
610109,2017-01-07 03:04:57.000000,treatment,new_page,0
603757,2017-01-15 23:31:55.000000,treatment,new_page,0
605679,2017-01-08 20:19:08.000000,treatment,new_page,0
610973,2017-01-08 06:41:27.000000,control,old_page,0
606008,2017-01-02 19:10:43.000000,control,old_page,0
610294,2017-01-07 09:18:00.000000,treatment,new_page,0
600118,2017-01-06 13:11:36.000000,control,old_page,0
604331,2017-01-03 04:54:08.000000,control,old_page,1
601681,2017-01-07 12:08:15.000000,control,old_page,0
610760,2017-01-06 22:34:33.000000,control,old_page,0
602645,2017-01-14 02:08:09.000000,treatment,new_page,0
601231,2017-01-13 08:58:22.000000,control,old_page,0
611809,2017-01-13 04:43:25.000000,treatment,new_page,0
604728,2017-01-15 11:52:10.000000,control,old_page,0
608664,2017-01-16 05:26:36.000000,treatment,new_page,0
609966,2017-01-04 05:25:19.000000,treatment,new_page,0
603384,2017-01-04 09:17:23.000000,treatment,new_page,0
607364,2017-01-03 12:03:51.000000,control,old_page,0
604735,2017-01-06 07:54:27.000000,control,old_page,0
607171,2017-01-06 05:01:25.000000,control,old_page,0
602527,2017-01-15 05:24:51.000000,treatment,new_page,1
606661,2017-01-03 23:15:38.000000,treatment,new_page,0
602342,2017-01-09 00:15:47.000000,treatment,new_page,0
609595,2017-01-09 00:22:44.000000,treatment,new_page,0
606757,2017-01-05 13:39:10.000000,treatment,new_page,0
610824,2017-01-02 19:31:14.000000,control,old_page,0
606978,2017-01-07 08:35:01.000000,control,old_page,0
604179,2017-01-16 07:45:40.000000,control,old_page,0
606873,2017-01-14 21:19:44.000000,treatment,new_page,0
604113,2017-01-10 18:34:14.000000,treatment,new_page,0
610255,2017-01-06 02:25:39.000000,treatment,new_page,1
603340,2017-01-12 03:11:15.000000,control,old_page,0
605148,2017-01-05 11:16:45.000000,treatment,new_page,0
603548,2017-01-13 06:24:08.000000,control,old_page,0
604096,2017-01-14 01:24:59.000000,treatment,new_page,0
600414,2017-01-09 07:05:46.000000,treatment,new_page,0
609335,2017-01-12 15:52:01.000000,treatment,new_page,0
606097,2017-01-05 17:11:36.000000,treatment,new_page,0
602470,2017-01-13 23:20:42.000000,control,old_page,0
609091,2017-01-08 05:44:00.000000,control,old_page,0
611516,2017-01-04 11:24:25.000000,treatment,new_page,0
607506,2017-01-09 10:00:14.000000,treatment,new_page,0
609699,2017-01-09 05:54:30.000000,control,old_page,0
605117,2017-01-08 07:55:35.000000,control,old_page,0
600201,2017-01-04 07:40:38.000000,treatment,new_page,0
605448,2017-01-07 15:57:22.000000,control,old_page,0
604726,2017-01-10 21:18:19.000000,control,old_page,0
600496,2017-01-09 23:37:15.000000,control,old_page,0
604978,2017-01-04 09:34:28.000000,treatment,new_page,0
603762,2017-01-06 07:07:40.000000,control,old_page,0
604406,2017-01-07 00:38:07.000000,treatment,new_page,0
607176,2017-01-06 22:39:10.000000,treatment,new_page,0
610488,2017-01-13 07:43:47.000000,treatment,new_page,1
604991,2017-01-15 19:25:45.000000,control,old_page,0
600686,2017-01-11 15:21:38.000000,control,old_page,0
606869,2017-01-14 12:06:22.000000,treatment,new_page,1
608566,2017-01-03 08:40:37.000000,control,old_page,0
601579,2017-01-15 16:15:02.000000,treatment,new_page,0
611163,2017-01-13 17:08:20.000000,control,old_page,0
609095,2017-01-05 12:56:25.000000,control,old_page,0
602529,2017-01-06 03:19:57.000000,treatment,new_page,0
605952,2017-01-15 05:42:58.000000,treatment,new_page,0
602533,2017-01-15 13:01:44.000000,treatment,new_page,0
602877,2017-01-10 19:51:17.000000,control,old_page,0
605869,2017-01-11 01:42:56.000000,treatment,new_page,0
601386,2017-01-12 01:54:45.000000,treatment,new_page,0
605279,2017-01-13 11:42:46.000000,treatment,new_page,0
610553,2017-01-03 09:58:29.000000,control,old_page,0
606189,2017-01-10 03:22:45.000000,treatment,new_page,0
603109,2017-01-13 17:42:23.000000,treatment,new_page,1
603832,2017-01-06 01:56:43.000000,control,old_page,0
607284,2017-01-11 08:17:20.000000,treatment,new_page,0
602976,2017-01-15 19:25:35.000000,treatment,new_page,0
609661,2017-01-15 11:35:09.000000,control,old_page,0
606226,2017-01-04 19:19:01.000000,control,old_page,0
605525,2017-01-13 10:10:06.000000,treatment,new_page,1
602640,2017-01-07 03:38:00.000000,control,old_page,0
600421,2017-01-16 05:32:09.000000,treatment,new_page,0
602834,2017-01-13 22:22:50.000000,treatment,new_page,0
604601,2017-01-05 05:43:33.000000,treatment,new_page,0
603232,2017-01-11 21:32:52.000000,control,old_page,1
601205,2017-01-13 04:15:15.000000,control,old_page,1
604972,2017-01-05 19:24:54.000000,control,old_page,0
607379,2017-01-03 22:14:20.000000,treatment,new_page,0
608613,2017-01-08 04:13:01.000000,control,old_page,0
607072,2017-01-14 18:29:42.000000,treatment,new_page,0
602235,2017-01-06 04:42:40.000000,control,old_page,0
605922,2017-01-02 18:27:16.000000,control,old_page,1
609366,2017-01-07 09:11:21.000000,treatment,new_page,0
611109,2017-01-05 08:18:16.000000,treatment,new_page,0
607559,2017-01-14 18:45:03.000000,control,old_page,0
611555,2017-01-11 23:17:00.000000,control,old_page,0
608081,2017-01-11 06:27:34.000000,treatment,new_page,0
600646,2017-01-03 14:25:35.000000,control,old_page,0
602842,2017-01-12 07:55:33.000000,treatment,new_page,1
606828,2017-01-10 22:04:40.000000,treatment,new_page,0
609174,2017-01-12 22:40:15.000000,treatment,new_page,1
602284,2017-01-03 07:06:23.000000,treatment,new_page,0
611636,2017-01-10 11:42:38.000000,treatment,new_page,0
608695,2017-01-09 23:06:44.000000,control,old_page,0
610513,2017-01-05 00:34:00.000000,treatment,new_page,0
605438,2017-01-06 23:08:38.000000,treatment,new_page,1
610473,2017-01-15 05:57:43.000000,treatment,new_page,0
600390,2017-01-03 05:54:29.000000,control,old_page,0
602965,2017-01-14 22:38:01.000000,treatment,new_page,0
609734,2017-01-13 00:56:10.000000,control,old_page,0
608981,2017-01-14 17:28:19.000000,control,old_page,0
611565,2017-01-05 07:45:56.000000,control,old_page,0
604240,2017-01-10 11:43:44.000000,control,old_page,0
603766,2017-01-08 04:43:44.000000,control,old_page,0
600814,2017-01-05 17:46:51.000000,control,old_page,0
603556,2017-01-14 02:54:42.000000,control,old_page,0
606413,2017-01-07 22:34:58.000000,treatment,new_page,0
602770,2017-01-03 11:58:41.000000,treatment,new_page,0
604482,2017-01-06 03:46:18.000000,treatment,new_page,0
600964,2017-01-14 22:22:41.000000,treatment,new_page,0
606339,2017-01-02 22:20:35.000000,control,old_page,0
604100,2017-01-06 07:31:08.000000,treatment,new_page,0
608986,2017-01-12 20:02:09.000000,treatment,new_page,0
610795,2017-01-16 04:50:15.000000,control,old_page,0
606014,2017-01-05 00:49:15.000000,control,old_page,0
606948,2017-01-14 04:12:34.000000,treatment,new_page,0
600030,2017-01-09 15:47:19.000000,treatment,new_page,0
601732,2017-01-13 14:38:41.000000,control,old_page,0
609843,2017-01-16 09:06:40.000000,treatment,new_page,0
611787,2017-01-03 14:38:33.000000,control,old_page,0
611280,2017-01-04 20:59:38.000000,control,old_page,0
601060,2017-01-08 05:18:59.000000,treatment,new_page,0
607570,2017-01-13 13:18:10.000000,treatment,new_page,0
605865,2017-01-14 05:53:37.000000,control,old_page,0
605300,2017-01-16 02:58:03.000000,control,old_page,0
610543,2017-01-10 09:07:55.000000,control,old_page,0
601022,2017-01-11 00:47:07.000000,control,old_page,0
611469,2017-01-13 18:59:50.000000,control,old_page,0
611576,2017-01-16 11:42:50.000000,control,old_page,0
610982,2017-01-04 18:06:53.000000,treatment,new_page,0
609933,2017-01-10 14:16:54.000000,control,old_page,0
608060,2017-01-12 17:42:01.000000,treatment,new_page,1
601338,2017-01-06 09:49:25.000000,control,old_page,0
606864,2017-01-16 12:08:46.000000,control,old_page,0
604046,2017-01-05 19:22:42.000000,control,old_page,0
609389,2017-01-12 14:02:34.000000,treatment,new_page,0
600107,2017-01-08 08:29:27.000000,control,old_page,0
608820,2017-01-13 18:43:12.000000,control,old_page,0
603056,2017-01-13 01:15:19.000000,control,old_page,0
611274,2017-01-04 06:45:30.000000,treatment,new_page,0
606247,2017-01-14 03:36:05.000000,treatment,new_page,0
609556,2017-01-15 06:57:13.000000,control,old_page,1
605701,2017-01-13 13:39:16.000000,control,old_page,0
600746,2017-01-08 23:03:29.000000,treatment,new_page,0
603116,2017-01-04 23:16:49.000000,control,old_page,1
602671,2017-01-05 21:01:15.000000,treatment,new_page,0
611180,2017-01-06 00:51:28.000000,control,old_page,0
604022,2017-01-03 07:53:35.000000,treatment,new_page,0
607765,2017-01-03 05:39:09.000000,control,old_page,0
605827,2017-01-03 19:13:16.000000,control,old_page,0
604582,2017-01-10 10:53:33.000000,control,old_page,0
607734,2017-01-11 02:38:34.000000,treatment,old_page,0
603595,2017-01-03 21:38:40.000000,control,old_page,0
600620,2017-01-13 15:05:50.000000,treatment,new_page,0
608699,2017-01-06 05:47:31.000000,control,old_page,0
608357,2017-01-08 03:30:12.000000,control,old_page,0
602257,2017-01-04 08:35:30.000000,treatment,new_page,1
601622,2017-01-10 06:46:29.000000,treatment,new_page,0
604358,2017-01-08 23:01:17.000000,treatment,new_page,1
604141,2017-01-10 02:50:11.000000,treatment,new_page,0
606588,2017-01-04 12:24:03.000000,control,old_page,0
604270,2017-01-05 19:13:20.000000,control,old_page,0
605061,2017-01-04 08:52:39.000000,treatment,new_page,0
602940,2017-01-05 08:13:42.000000,treatment,new_page,0
608209,2017-01-03 23:47:22.000000,control,old_page,0
604140,2017-01-15 04:15:30.000000,treatment,new_page,0
611820,2017-01-11 17:48:35.000000,treatment,new_page,0
609031,2017-01-07 04:38:25.000000,treatment,new_page,0
610124,2017-01-15 08:54:23.000000,control,old_page,0
607787,2017-01-09 05:44:18.000000,treatment,new_page,0
602466,2017-01-04 12:43:52.000000,control,old_page,1
603850,2017-01-07 16:25:34.000000,control,old_page,0
609054,2017-01-07 21:46:31.000000,control,old_page,0
604761,2017-01-04 15:54:02.000000,treatment,new_page,0
603394,2017-01-14 11:59:53.000000,treatment,new_page,0
603812,2017-01-07 07:14:10.000000,treatment,new_page,0
610538,2017-01-14 03:51:32.000000,control,old_page,0
606146,2017-01-15 21:43:11.000000,control,old_page,0
605629,2017-01-16 11:42:13.000000,control,old_page,0
607422,2017-01-09 02:11:52.000000,control,old_page,0
601837,2017-01-15 04:33:55.000000,control,old_page,0
610707,2017-01-15 16:43:06.000000,treatment,new_page,0
600822,2017-01-13 10:08:21.000000,treatment,new_page,0
605554,2017-01-05 16:12:15.000000,control,old_page,0
601805,2017-01-12 04:05:46.000000,treatment,new_page,0
602795,2017-01-05 01:25:02.000000,control,old_page,0
602985,2017-01-06 06:32:19.000000,treatment,new_page,0
602821,2017-01-13 01:09:07.000000,treatment,new_page,0
608201,2017-01-03 09:53:39.000000,treatment,new_page,0
608218,2017-01-15 11:11:56.000000,control,old_page,0
604293,2017-01-16 12:44:58.000000,control,old_page,0
609100,2017-01-15 21:26:21.000000,control,old_page,0
605465,2017-01-14 08:32:11.000000,control,old_page,0
604038,2017-01-11 06:49:30.000000,treatment,new_page,1
610718,2017-01-11 22:52:45.000000,control,old_page,0
608261,2017-01-13 05:15:56.000000,control,new_page,1
604732,2017-01-14 15:55:53.000000,treatment,new_page,0
611066,2017-01-04 09:53:00.000000,control,old_page,1
610603,2017-01-04 10:14:54.000000,treatment,new_page,0
603412,2017-01-09 08:16:01.000000,control,old_page,0
605973,2017-01-12 19:53:35.000000,treatment,new_page,0
601876,2017-01-15 18:51:07.000000,control,old_page,0
603785,2017-01-10 23:41:02.000000,treatment,new_page,0
602333,2017-01-14 17:39:55.000000,control,old_page,0
610387,2017-01-05 22:13:30.000000,treatment,new_page,0
604873,2017-01-05 23:55:49.000000,treatment,new_page,0
609478,2017-01-09 21:28:09.000000,control,old_page,0
605518,2017-01-16 12:46:45.000000,control,old_page,1
609994,2017-01-08 08:29:25.000000,treatment,new_page,0
602214,2017-01-09 03:01:09.000000,treatment,new_page,0
610820,2017-01-06 02:51:33.000000,control,old_page,0
610377,2017-01-08 01:53:04.000000,treatment,new_page,1
600518,2017-01-08 16:04:45.000000,treatment,new_page,0
608179,2017-01-14 13:19:01.000000,treatment,new_page,0
609998,2017-01-03 13:13:41.000000,control,old_page,0
601458,2017-01-12 02:49:54.000000,treatment,new_page,0
606178,2017-01-12 08:14:13.000000,treatment,new_page,0
602313,2017-01-06 03:35:02.000000,control,old_page,0
602781,2017-01-09 01:18:05.000000,treatment,new_page,1
609948,2017-01-14 16:05:08.000000,control,old_page,0
608447,2017-01-05 02:49:08.000000,treatment,new_page,0
602774,2017-01-02 18:38:04.000000,treatment,new_page,0
602237,2017-01-15 16:28:22.000000,control,old_page,0
606000,2017-01-05 15:17:41.000000,control,old_page,0
605836,2017-01-05 08:02:23.000000,control,old_page,0
605600,2017-01-13 04:47:57.000000,treatment,new_page,0
603835,2017-01-05 06:27:40.000000,treatment,new_page,0
604555,2017-01-14 20:39:50.000000,control,old_page,0
607162,2017-01-05 23:37:29.000000,control,old_page,0
600426,2017-01-10 02:43:41.000000,treatment,new_page,0
602980,2017-01-11 16:44:02.000000,control,old_page,0
609991,2017-01-15 20:13:18.000000,treatment,new_page,0
607661,2017-01-07 17:31:53.000000,control,old_page,0
605026,2017-01-11 10:26:57.000000,control,old_page,0
603492,2017-01-06 14:37:11.000000,treatment,new_page,0
606427,2017-01-07 12:03:21.000000,control,old_page,1
609338,2017-01-13 23:56:57.000000,treatment,new_page,0
603440,2017-01-11 09:40:24.000000,treatment,new_page,0
610267,2017-01-04 14:31:19.000000,treatment,new_page,1
603326,2017-01-06 19:06:10.000000,treatment,new_page,0
601439,2017-01-14 07:03:19.000000,control,old_page,0
610709,2017-01-03 02:41:34.000000,control,old_page,0
607945,2017-01-15 17:28:38.000000,treatment,new_page,0
608442,2017-01-09 13:03:03.000000,treatment,new_page,0
610818,2017-01-12 13:44:20.000000,control,old_page,1
606894,2017-01-08 00:06:43.000000,control,old_page,0
610113,2017-01-06 19:15:11.000000,control,old_page,0
603489,2017-01-14 22:21:19.000000,control,old_page,0
608362,2017-01-11 07:48:39.000000,control,old_page,0
609799,2017-01-12 06:47:10.000000,treatment,new_page,0
606967,2017-01-02 17:40:37.000000,control,old_page,0
600832,2017-01-09 05:12:30.000000,treatment,new_page,0
604747,2017-01-10 18:17:52.000000,treatment,new_page,0
607283,2017-01-12 20:07:37.000000,control,old_page,1
601228,2017-01-11 22:26:11.000000,treatment,new_page,1
603378,2017-01-15 01:53:07.000000,treatment,new_page,0
602575,2017-01-03 05:51:48.000000,control,old_page,0
604773,2017-01-11 01:40:44.000000,control,old_page,0
604472,2017-01-12 09:13:31.000000,control,old_page,0
603467,2017-01-04 22:39:25.000000,treatment,new_page,1
608075,2017-01-13 03:52:15.000000,treatment,new_page,0
605604,2017-01-14 19:11:49.000000,control,old_page,0
605999,2017-01-11 16:50:54.000000,control,old_page,0
603206,2017-01-14 23:38:09.000000,control,old_page,0
606731,2017-01-14 04:19:40.000000,control,old_page,0
602881,2017-01-06 12:37:38.000000,control,old_page,0
603853,2017-01-15 20:41:57.000000,control,old_page,0
603641,2017-01-05 03:33:36.000000,control,old_page,0
606079,2017-01-03 14:34:35.000000,treatment,new_page,0
602441,2017-01-03 07:03:17.000000,control,old_page,0
600592,2017-01-15 00:46:26.000000,treatment,new_page,1
606973,2017-01-14 22:49:07.000000,control,old_page,0
603337,2017-01-04 15:35:22.000000,treatment,new_page,0
611706,2017-01-11 00:16:59.000000,treatment,new_page,0
600006,2017-01-14 19:23:26.000000,treatment,new_page,0
601749,2017-01-06 21:25:49.000000,control,old_page,1
606279,2017-01-12 14:47:08.000000,control,old_page,0
609288,2017-01-05 05:58:02.000000,treatment,new_page,0
600517,2017-01-14 03:52:16.000000,control,old_page,0
610712,2017-01-08 16:38:09.000000,control,old_page,1
602278,2017-01-04 18:08:07.000000,treatment,new_page,0
607580,2017-01-03 02:28:49.000000,treatment,new_page,0
608287,2017-01-15 23:23:00.000000,treatment,new_page,1
606012,2017-01-04 23:59:55.000000,control,old_page,0
611143,2017-01-04 04:28:13.000000,control,old_page,0
601655,2017-01-16 01:38:35.000000,treatment,new_page,0
605613,2017-01-12 18:40:15.000000,treatment,new_page,0
602390,2017-01-11 04:51:57.000000,control,old_page,0
602661,2017-01-04 17:01:15.000000,control,old_page,0
605223,2017-01-15 01:48:17.000000,treatment,new_page,0
610802,2017-01-15 17:36:09.000000,control,old_page,0
600122,2017-01-07 16:22:53.000000,treatment,new_page,0
611041,2017-01-15 10:17:34.000000,treatment,new_page,0
609721,2017-01-12 21:06:39.000000,treatment,new_page,0
607886,2017-01-04 02:38:30.000000,treatment,new_page,1
605966,2017-01-03 16:21:32.000000,control,old_page,0
606411,2017-01-08 10:07:12.000000,control,old_page,1
602052,2017-01-04 20:28:21.000000,control,old_page,0
610627,2017-01-04 01:51:55.000000,treatment,new_page,0
610855,2017-01-12 00:38:37.000000,control,old_page,0
609182,2017-01-08 23:05:12.000000,control,old_page,0
601099,2017-01-14 17:26:25.000000,control,old_page,0
611018,2017-01-08 03:30:22.000000,control,old_page,0
602800,2017-01-13 04:14:54.000000,control,old_page,0
600732,2017-01-06 19:19:03.000000,control,old_page,0
601195,2017-01-04 08:42:52.000000,treatment,new_page,0
600015,2017-01-11 18:19:25.000000,control,old_page,0
611772,2017-01-05 14:38:56.000000,control,old_page,1
600579,2017-01-13 02:55:17.000000,treatment,new_page,0
604970,2017-01-05 03:56:09.000000,control,old_page,0
605123,2017-01-12 18:50:38.000000,treatment,new_page,1
607747,2017-01-15 08:22:31.000000,treatment,new_page,0
608100,2017-01-04 06:17:00.000000,treatment,new_page,0
604227,2017-01-13 18:39:49.000000,control,old_page,1
610663,2017-01-10 23:23:48.000000,treatment,new_page,0
609809,2017-01-12 09:33:00.000000,control,old_page,0
603391,2017-01-08 23:36:35.000000,control,old_page,0
610705,2017-01-08 09:52:41.000000,treatment,new_page,0
601706,2017-01-12 16:15:24.000000,control,old_page,0
602971,2017-01-15 22:38:09.000000,control,old_page,0
600272,2017-01-10 13:54:31.000000,treatment,new_page,1
611050,2017-01-04 11:10:10.000000,treatment,new_page,0
603629,2017-01-08 10:36:35.000000,control,old_page,1
606962,2017-01-03 19:18:55.000000,treatment,new_page,0
611129,2017-01-03 18:54:40.000000,control,old_page,0
608646,2017-01-02 20:56:12.000000,control,old_page,0
611667,2017-01-12 12:16:14.000000,treatment,new_page,0
605079,2017-01-09 20:50:19.000000,treatment,new_page,0
603407,2017-01-09 05:02:36.000000,control,old_page,0
601447,2017-01-09 13:21:25.000000,treatment,new_page,0
607168,2017-01-14 11:30:22.000000,control,old_page,1
601794,2017-01-11 23:42:00.000000,treatment,new_page,0
600548,2017-01-07 08:14:16.000000,control,old_page,0
602349,2017-01-06 19:35:09.000000,control,old_page,0
602291,2017-01-05 11:45:05.000000,control,old_page,0
609954,2017-01-03 00:53:03.000000,treatment,new_page,1
611538,2017-01-06 15:05:18.000000,control,old_page,0
607557,2017-01-15 02:20:08.000000,control,old_page,0
603375,2017-01-08 02:56:38.000000,treatment,new_page,0
606992,2017-01-07 22:11:36.000000,control,old_page,0
607092,2017-01-08 22:48:48.000000,treatment,new_page,0
611474,2017-01-15 04:13:17.000000,treatment,new_page,1
602958,2017-01-13 12:39:19.000000,control,old_page,0
610359,2017-01-12 23:32:54.000000,control,old_page,0
611186,2017-01-16 08:38:17.000000,control,old_page,0
603881,2017-01-10 23:00:50.000000,treatment,new_page,0
611300,2017-01-06 03:01:47.000000,control,old_page,0
604714,2017-01-06 03:24:48.000000,control,old_page,0
600255,2017-01-03 11:33:31.000000,treatment,new_page,0
600682,2017-01-04 23:32:58.000000,control,old_page,0
607066,2017-01-07 13:32:32.000000,control,old_page,0
602667,2017-01-09 16:17:49.000000,control,old_page,1
605894,2017-01-07 15:41:50.000000,control,old_page,0
604259,2017-01-13 00:29:33.000000,treatment,new_page,0
607131,2017-01-04 06:58:17.000000,control,old_page,0
609926,2017-01-10 04:11:07.000000,treatment,new_page,0
608197,2017-01-15 04:30:05.000000,control,old_page,0
610460,2017-01-09 05:54:15.000000,treatment,new_page,0
601046,2017-01-03 10:59:22.000000,treatment,new_page,0
607849,2017-01-06 03:09:29.000000,treatment,new_page,0
608205,2017-01-05 07:32:55.000000,control,old_page,0
606740,2017-01-09 18:48:33.000000,treatment,new_page,1
608564,2017-01-06 08:25:38.000000,control,old_page,1
605442,2017-01-09 18:23:32.000000,control,old_page,0
600721,2017-01-11 02:14:30.000000,control,old_page,0
610254,2017-01-09 08:49:51.000000,treatment,new_page,0
611872,2017-01-15 07:18:48.000000,control,old_page,1
601288,2017-01-04 19:25:33.000000,treatment,new_page,0
608399,2017-01-11 03:26:03.000000,control,old_page,0
605642,2017-01-02 17:36:12.000000,treatment,new_page,0
609730,2017-01-11 08:12:01.000000,control,old_page,0
604066,2017-01-16 04:45:29.000000,control,old_page,0
604912,2017-01-07 17:49:25.000000,treatment,new_page,0
609613,2017-01-12 09:18:44.000000,control,old_page,0
604355,2017-01-11 20:12:39.000000,control,old_page,0
603497,2017-01-06 11:22:17.000000,control,old_page,0
611847,2017-01-10 22:10:55.000000,treatment,new_page,1
609306,2017-01-06 23:07:39.000000,control,old_page,0
610582,2017-01-07 09:35:29.000000,treatment,new_page,0
603074,2017-01-15 11:46:02.000000,control,old_page,0
605576,2017-01-09 00:49:29.000000,treatment,new_page,0
604041,2017-01-10 09:03:26.000000,control,old_page,0
609979,2017-01-11 14:58:07.000000,treatment,new_page,0
600669,2017-01-12 04:33:02.000000,treatment,new_page,0
609866,2017-01-08 21:19:49.000000,treatment,new_page,0
600612,2017-01-15 22:42:35.000000,control,old_page,0
609020,2017-01-15 05:59:42.000000,treatment,new_page,1
609707,2017-01-10 11:45:53.000000,control,old_page,1
606293,2017-01-04 03:52:52.000000,treatment,new_page,0
608996,2017-01-13 02:20:26.000000,control,old_page,0
600972,2017-01-14 12:50:38.000000,control,old_page,0
604204,2017-01-10 10:49:58.000000,treatment,new_page,1
603648,2017-01-03 01:26:20.000000,treatment,new_page,0
605647,2017-01-06 02:33:11.000000,treatment,new_page,0
608563,2017-01-05 00:43:21.000000,treatment,new_page,0
605253,2017-01-06 16:06:13.000000,treatment,new_page,1
609062,2017-01-15 16:25:19.000000,control,old_page,0
608307,2017-01-06 00:20:59.000000,control,old_page,0
611642,2017-01-05 04:11:10.000000,treatment,new_page,0
607658,2017-01-05 12:14:49.000000,control,old_page,0
608231,2017-01-03 22:16:26.000000,treatment,new_page,0
605109,2017-01-12 11:59:38.000000,control,old_page,0
610290,2017-01-02 19:13:13.000000,treatment,new_page,1
603688,2017-01-03 14:30:07.000000,treatment,new_page,0
600531,2017-01-09 18:13:14.000000,treatment,new_page,0
600206,2017-01-09 11:01:01.000000,control,old_page,0
611826,2017-01-15 18:56:13.000000,treatment,new_page,0
605623,2017-01-15 02:22:38.000000,treatment,new_page,1
609469,2017-01-06 05:53:55.000000,control,old_page,0
609249,2017-01-12 05:08:16.000000,treatment,new_page,0
611297,2017-01-10 11:15:50.000000,control,old_page,0
602757,2017-01-03 11:57:19.000000,treatment,new_page,0
607164,2017-01-12 21:49:27.000000,control,old_page,0
606233,2017-01-09 10:20:08.000000,control,old_page,0
602952,2017-01-03 21:58:28.000000,control,old_page,0
607636,2017-01-10 06:41:04.000000,treatment,new_page,0
611068,2017-01-15 12:03:01.000000,control,old_page,0
604880,2017-01-03 13:46:04.000000,control,old_page,1
611402,2017-01-07 09:39:29.000000,control,old_page,0
606175,2017-01-08 21:07:20.000000,control,old_page,0
604506,2017-01-15 19:00:03.000000,control,old_page,0
606468,2017-01-02 15:26:07.000000,control,old_page,0
607285,2017-01-08 08:32:10.000000,control,old_page,0
600927,2017-01-09 20:35:22.000000,treatment,new_page,0
604395,2017-01-03 08:49:50.000000,control,old_page,1
611230,2017-01-12 17:15:18.000000,treatment,new_page,0
610353,2017-01-09 08:57:21.000000,treatment,new_page,1
605032,2017-01-08 05:40:38.000000,treatment,new_page,0
605356,2017-01-02 15:24:12.000000,treatment,new_page,0
606253,2017-01-06 09:29:48.000000,treatment,new_page,0
606812,2017-01-09 04:24:38.000000,control,old_page,0
609318,2017-01-15 14:45:05.000000,treatment,new_page,0
608839,2017-01-06 20:10:30.000000,treatment,new_page,0
611749,2017-01-12 20:30:51.000000,control,old_page,0
606720,2017-01-09 05:19:29.000000,treatment,new_page,0
603154,2017-01-05 18:59:29.000000,control,old_page,0
607037,2017-01-07 10:40:22.000000,treatment,new_page,0
607148,2017-01-03 21:32:59.000000,treatment,new_page,0
608279,2017-01-05 15:06:44.000000,control,old_page,0
611430,2017-01-11 22:57:24.000000,treatment,new_page,0
610415,2017-01-07 19:03:51.000000,control,old_page,1
608544,2017-01-11 17:53:35.000000,control,old_page,0
603948,2017-01-12 22:04:09.000000,control,old_page,1
606802,2017-01-09 02:21:33.000000,control,old_page,1
601995,2017-01-07 01:59:34.000000,control,old_page,0
610389,2017-01-12 05:40:40.000000,control,old_page,0
605312,2017-01-14 15:48:40.000000,treatment,new_page,0
604199,2017-01-05 06:45:41.000000,control,old_page,0
608128,2017-01-15 19:42:05.000000,treatment,new_page,0
607127,2017-01-09 09:18:09.000000,control,old_page,0
610575,2017-01-05 10:25:12.000000,treatment,new_page,0
610909,2017-01-11 07:34:53.000000,treatment,new_page,0
604305,2017-01-13 19:50:42.000000,treatment,new_page,0
605174,2017-01-09 06:47:29.000000,treatment,new_page,0
610104,2017-01-13 06:29:51.000000,treatment,new_page,1
610874,2017-01-09 21:47:59.000000,treatment,new_page,0
607393,2017-01-13 20:23:36.000000,control,old_page,0
605950,2017-01-05 15:14:01.000000,control,old_page,0
600394,2017-01-06 13:08:43.000000,treatment,new_page,0
604207,2017-01-15 11:20:48.000000,control,old_page,0
609484,2017-01-05 12:43:00.000000,treatment,new_page,0
603297,2017-01-06 21:06:42.000000,control,old_page,0
601272,2017-01-15 02:48:58.000000,control,old_page,0
606193,2017-01-07 15:05:31.000000,control,old_page,0
607682,2017-01-11 20:01:50.000000,control,old_page,1
611664,2017-01-14 12:16:51.000000,control,old_page,0
608471,2017-01-04 08:18:43.000000,control,old_page,0
607762,2017-01-08 09:08:16.000000,control,old_page,0
606357,2017-01-06 18:08:30.000000,control,old_page,0
609815,2017-01-11 01:14:08.000000,control,old_page,0
604381,2017-01-10 16:07:57.000000,control,old_page,0
601565,2017-01-10 12:08:32.000000,treatment,new_page,0
606533,2017-01-06 16:24:05.000000,control,old_page,0
608778,2017-01-05 01:31:07.000000,control,old_page,1
602135,2017-01-09 17:09:56.000000,treatment,new_page,0
604824,2017-01-14 02:18:49.000000,treatment,new_page,0
611614,2017-01-14 08:03:31.000000,control,old_page,0
603167,2017-01-14 06:39:40.000000,treatment,new_page,1
608223,2017-01-10 23:36:38.000000,treatment,new_page,0
603114,2017-01-10 13:44:04.000000,control,old_page,0
610951,2017-01-05 22:23:49.000000,control,old_page,0
610727,2017-01-03 07:21:38.000000,control,old_page,0
605522,2017-01-14 00:44:21.000000,control,old_page,0
604369,2017-01-08 21:59:24.000000,control,old_page,0
600417,2017-01-04 12:42:49.000000,control,old_page,0
607702,2017-01-03 06:03:41.000000,control,old_page,0
610675,2017-01-10 20:01:31.000000,treatment,new_page,0
608413,2017-01-14 21:43:54.000000,control,old_page,0
608931,2017-01-11 22:46:41.000000,control,new_page,0
611098,2017-01-13 20:49:33.000000,treatment,new_page,0
600075,2017-01-14 21:49:14.000000,control,old_page,0
611076,2017-01-14 23:59:14.000000,treatment,new_page,0
608731,2017-01-14 16:29:22.000000,treatment,new_page,0
606326,2017-01-04 10:11:48.000000,treatment,new_page,1
601402,2017-01-14 01:28:07.000000,control,old_page,0
603840,2017-01-06 03:01:41.000000,treatment,new_page,0
601643,2017-01-15 06:31:18.000000,control,old_page,0
605851,2017-01-07 11:31:20.000000,treatment,new_page,0
607098,2017-01-11 04:05:02.000000,control,old_page,0
603355,2017-01-15 00:00:40.000000,treatment,new_page,0
604389,2017-01-02 19:58:04.000000,control,old_page,0
602019,2017-01-13 06:06:52.000000,treatment,new_page,0
609784,2017-01-09 15:15:48.000000,treatment,new_page,0
611860,2017-01-14 23:04:36.000000,control,old_page,0
610395,2017-01-07 08:12:05.000000,control,old_page,0
600189,2017-01-03 12:09:04.000000,treatment,new_page,0
609063,2017-01-10 20:46:59.000000,control,old_page,0
608961,2017-01-06 12:16:14.000000,control,old_page,0
605961,2017-01-05 11:54:20.000000,treatment,new_page,0
608997,2017-01-14 10:13:30.000000,control,old_page,1
601568,2017-01-13 13:08:36.000000,control,old_page,0
605720,2017-01-14 10:10:42.000000,treatment,new_page,0
601522,2017-01-07 05:31:28.000000,control,old_page,0
609847,2017-01-09 04:29:35.000000,control,old_page,0
608358,2017-01-08 09:25:11.000000,control,old_page,0
609764,2017-01-11 07:07:24.000000,treatment,new_page,0
606941,2017-01-11 06:16:14.000000,treatment,new_page,0
606135,2017-01-03 10:19:25.000000,control,old_page,0
611843,2017-01-02 14:37:42.000000,treatment,new_page,0
608466,2017-01-09 16:48:57.000000,treatment,new_page,0
610778,2017-01-10 14:03:48.000000,control,old_page,0
608144,2017-01-14 20:42:03.000000,control,old_page,0
609193,2017-01-03 09:49:21.000000,treatment,new_page,0
611502,2017-01-04 23:19:32.000000,control,old_page,1
604557,2017-01-09 06:01:48.000000,control,old_page,1
609666,2017-01-06 14:08:27.000000,control,old_page,1
602328,2017-01-14 04:26:11.000000,treatment,new_page,0
609142,2017-01-13 17:39:23.000000,control,old_page,0
603421,2017-01-13 15:20:09.000000,treatment,new_page,0
601154,2017-01-06 23:11:04.000000,treatment,new_page,1
600180,2017-01-15 16:51:05.000000,control,old_page,0
601010,2017-01-12 11:07:31.000000,treatment,new_page,0
608189,2017-01-10 06:44:55.000000,treatment,new_page,0
600992,2017-01-14 20:23:18.000000,control,old_page,0
604527,2017-01-09 10:17:08.000000,control,old_page,0
604143,2017-01-07 05:09:57.000000,control,old_page,0
611034,2017-01-11 10:33:24.000000,treatment,new_page,0
603958,2017-01-15 04:18:00.000000,control,old_page,0
610905,2017-01-09 07:15:03.000000,control,old_page,0
610699,2017-01-08 00:32:47.000000,treatment,new_page,0
606150,2017-01-13 20:01:46.000000,treatment,new_page,0
609008,2017-01-12 15:57:18.000000,control,old_page,0
608802,2017-01-06 02:55:59.000000,treatment,new_page,1
602687,2017-01-13 01:39:18.000000,treatment,new_page,0
602764,2017-01-04 17:28:37.000000,treatment,new_page,1
606651,2017-01-06 01:58:33.000000,treatment,new_page,0
607302,2017-01-07 06:31:40.000000,control,old_page,0
603821,2017-01-10 09:24:03.000000,treatment,new_page,0
608625,2017-01-03 23:19:51.000000,treatment,new_page,0
603017,2017-01-11 19:09:56.000000,treatment,new_page,0
604452,2017-01-09 19:06:16.000000,treatment,new_page,0
610303,2017-01-08 21:23:09.000000,treatment,new_page,0
609430,2017-01-14 11:36:58.000000,control,old_page,0
605179,2017-01-08 08:37:16.000000,control,old_page,0
606613,2017-01-08 19:04:46.000000,treatment,new_page,0
609791,2017-01-08 13:52:43.000000,control,old_page,0
604357,2017-01-07 15:49:58.000000,treatment,new_page,0
600923,2017-01-14 08:29:02.000000,treatment,new_page,0
601166,2017-01-09 11:40:18.000000,control,old_page,0
607820,2017-01-10 14:29:40.000000,treatment,new_page,0
600663,2017-01-12 11:49:47.000000,treatment,new_page,0
600458,2017-01-09 01:21:06.000000,control,old_page,0
608384,2017-01-06 21:48:30.000000,treatment,new_page,1
609559,2017-01-07 22:43:55.000000,control,old_page,0
610306,2017-01-04 13:31:45.000000,treatment,new_page,0
602099,2017-01-07 17:19:36.000000,control,old_page,0
602867,2017-01-13 13:44:31.000000,control,old_page,0
608418,2017-01-11 12:28:01.000000,treatment,new_page,0
611240,2017-01-14 08:25:06.000000,treatment,new_page,0
602263,2017-01-10 11:03:19.000000,control,old_page,0
603996,2017-01-12 17:25:26.000000,control,old_page,0
601892,2017-01-15 12:17:29.000000,treatment,new_page,0
606577,2017-01-15 00:57:32.000000,control,old_page,0
607289,2017-01-07 02:22:07.000000,treatment,new_page,0
606170,2017-01-07 04:03:26.000000,treatment,new_page,0
606955,2017-01-14 17:21:13.000000,treatment,new_page,0
605283,2017-01-04 14:56:47.000000,control,old_page,0
601651,2017-01-13 18:43:54.000000,treatment,new_page,0
609660,2017-01-06 05:24:47.000000,treatment,new_page,0
602233,2017-01-07 06:50:30.000000,treatment,new_page,0
608007,2017-01-02 19:25:09.000000,treatment,new_page,1
610270,2017-01-07 07:50:15.000000,treatment,new_page,0
610526,2017-01-06 07:17:05.000000,treatment,new_page,1
605953,2017-01-15 11:27:39.000000,treatment,new_page,0
611031,2017-01-04 17:06:53.000000,control,old_page,0
605038,2017-01-10 10:58:36.000000,control,old_page,0
603437,2017-01-14 15:33:16.000000,control,old_page,0
604115,2017-01-16 09:37:15.000000,treatment,new_page,0
610350,2017-01-02 17:04:04.000000,treatment,new_page,0
609983,2017-01-10 02:33:29.000000,treatment,new_page,1
610790,2017-01-05 00:09:00.000000,control,old_page,0
606149,2017-01-13 07:56:35.000000,treatment,new_page,0
603165,2017-01-06 21:21:34.000000,treatment,new_page,0
609356,2017-01-09 04:44:14.000000,control,old_page,0
602265,2017-01-06 07:31:59.000000,control,old_page,0
610816,2017-01-16 01:41:26.000000,control,old_page,1
610045,2017-01-03 15:03:06.000000,treatment,new_page,1
610857,2017-01-05 15:10:22.000000,control,old_page,0
603414,2017-01-03 20:32:36.000000,treatment,new_page,0
602824,2017-01-11 21:12:24.000000,control,old_page,0
609710,2017-01-15 06:23:32.000000,control,old_page,0
606087,2017-01-03 01:13:47.000000,treatment,new_page,0
605397,2017-01-14 23:38:31.000000,control,old_page,0
611382,2017-01-04 09:20:05.000000,treatment,new_page,0
604447,2017-01-11 09:50:05.000000,treatment,new_page,0
608589,2017-01-12 20:40:09.000000,treatment,new_page,1
609394,2017-01-09 19:05:45.000000,treatment,new_page,0
608252,2017-01-11 07:42:09.000000,control,old_page,0
608024,2017-01-14 23:52:13.000000,control,old_page,0
606082,2017-01-06 18:26:51.000000,control,old_page,0
609640,2017-01-05 14:34:28.000000,treatment,new_page,0
602951,2017-01-15 05:30:44.000000,control,old_page,0
611089,2017-01-09 12:18:27.000000,control,old_page,0
611658,2017-01-07 07:20:05.000000,treatment,new_page,0
607591,2017-01-12 17:36:49.000000,control,new_page,0
604920,2017-01-04 12:54:46.000000,control,old_page,1
603248,2017-01-04 19:17:13.000000,control,old_page,0
601239,2017-01-06 17:34:46.000000,treatment,new_page,0
606614,2017-01-05 20:05:01.000000,treatment,new_page,0
600987,2017-01-09 05:00:32.000000,treatment,new_page,0
607816,2017-01-14 02:43:54.000000,treatment,new_page,0
609668,2017-01-08 00:48:16.000000,treatment,new_page,0
611535,2017-01-16 03:55:01.000000,treatment,new_page,0
606643,2017-01-12 03:17:10.000000,control,old_page,0
605132,2017-01-03 00:35:51.000000,control,old_page,0
603920,2017-01-12 12:34:17.000000,control,old_page,0
600984,2017-01-13 05:10:49.000000,control,new_page,0
601614,2017-01-08 11:34:04.000000,treatment,new_page,0
604830,2017-01-06 11:51:55.000000,treatment,new_page,0
602509,2017-01-06 02:53:40.000000,control,old_page,0
604388,2017-01-10 03:29:34.000000,treatment,new_page,0
608310,2017-01-10 16:08:36.000000,treatment,new_page,0
610835,2017-01-14 01:34:02.000000,control,old_page,0
611153,2017-01-09 02:03:30.000000,control,old_page,0
608615,2017-01-04 20:34:05.000000,treatment,new_page,0
605262,2017-01-05 10:02:18.000000,control,old_page,0
608314,2017-01-06 10:23:20.000000,control,old_page,0
609329,2017-01-07 04:47:31.000000,treatment,new_page,0
609655,2017-01-07 08:44:16.000000,treatment,new_page,0
603563,2017-01-06 12:06:40.000000,treatment,new_page,0
601031,2017-01-15 07:38:46.000000,control,old_page,0
600471,2017-01-09 05:56:17.000000,treatment,new_page,0
601181,2017-01-12 23:50:48.000000,treatment,new_page,0
600755,2017-01-10 12:04:39.000000,treatment,new_page,0
608543,2017-01-10 13:03:17.000000,control,old_page,0
608677,2017-01-10 06:04:00.000000,control,old_page,0
608649,2017-01-12 20:06:14.000000,control,old_page,0
606755,2017-01-05 16:02:26.000000,treatment,new_page,0
602432,2017-01-08 00:24:41.000000,control,old_page,1
603177,2017-01-10 09:47:06.000000,control,old_page,0
610946,2017-01-03 18:42:20.000000,treatment,new_page,0
605426,2017-01-14 22:28:33.000000,control,old_page,1
605957,2017-01-02 14:08:19.000000,treatment,new_page,0
600092,2017-01-02 14:53:25.000000,treatment,new_page,0
609078,2017-01-13 12:01:02.000000,treatment,new_page,1
606350,2017-01-07 13:39:20.000000,treatment,new_page,0
606665,2017-01-14 08:59:31.000000,treatment,new_page,0
609140,2017-01-05 18:16:27.000000,control,old_page,0
611883,2017-01-02 15:53:46.000000,control,old_page,0
603925,2017-01-03 04:15:41.000000,treatment,new_page,0
606513,2017-01-11 19:59:25.000000,treatment,new_page,0
607286,2017-01-07 16:26:47.000000,treatment,new_page,0
607898,2017-01-03 07:43:15.000000,control,old_page,0
601544,2017-01-14 03:33:40.000000,control,old_page,0
603099,2017-01-07 06:12:11.000000,control,old_page,0
606777,2017-01-08 07:07:15.000000,control,old_page,0
611417,2017-01-08 08:32:55.000000,control,old_page,0
605361,2017-01-10 12:27:25.000000,control,old_page,0
605367,2017-01-13 13:30:23.000000,treatment,new_page,0
611190,2017-01-02 13:19:49.000000,treatment,new_page,0
608678,2017-01-02 16:15:49.000000,control,old_page,0
611794,2017-01-15 19:29:28.000000,control,old_page,0
610753,2017-01-07 19:09:09.000000,treatment,new_page,1
600161,2017-01-04 19:19:46.000000,treatment,new_page,0
610143,2017-01-16 09:55:05.000000,treatment,new_page,0
600404,2017-01-03 04:47:17.000000,control,old_page,0
611558,2017-01-05 20:20:54.000000,control,old_page,0
601964,2017-01-10 10:53:59.000000,control,old_page,1
606606,2017-01-05 08:23:15.000000,control,old_page,0
610588,2017-01-13 19:10:16.000000,control,old_page,0
602458,2017-01-06 06:28:21.000000,control,old_page,1
605206,2017-01-12 19:02:45.000000,treatment,new_page,0
602914,2017-01-10 08:29:15.000000,treatment,new_page,0
604020,2017-01-06 03:21:55.000000,control,old_page,0
604245,2017-01-12 00:10:52.000000,treatment,new_page,0
602950,2017-01-09 11:33:54.000000,treatment,new_page,0
607435,2017-01-10 20:14:26.000000,treatment,new_page,0
611592,2017-01-08 15:51:55.000000,control,old_page,0
606431,2017-01-10 02:26:25.000000,control,old_page,0
609129,2017-01-11 12:42:46.000000,control,old_page,0
601087,2017-01-13 10:44:50.000000,treatment,new_page,0
601822,2017-01-05 18:11:27.000000,control,old_page,0
600907,2017-01-06 08:41:52.000000,treatment,new_page,1
601041,2017-01-14 20:45:02.000000,treatment,new_page,0
600706,2017-01-10 22:18:23.000000,treatment,new_page,0
605928,2017-01-07 21:49:40.000000,control,old_page,0
611733,2017-01-06 06:33:35.000000,control,old_page,0
611312,2017-01-07 04:33:00.000000,control,old_page,1
611442,2017-01-03 06:21:12.000000,control,old_page,0
605446,2017-01-08 23:25:01.000000,control,old_page,0
600050,2017-01-08 02:25:48.000000,treatment,new_page,0
607621,2017-01-08 14:41:23.000000,control,old_page,0
601401,2017-01-10 00:14:07.000000,treatment,new_page,0
608735,2017-01-11 16:47:55.000000,treatment,new_page,0
610943,2017-01-09 06:25:03.000000,treatment,new_page,0
603709,2017-01-07 05:30:00.000000,treatment,new_page,0
602078,2017-01-10 17:45:23.000000,treatment,new_page,0
603887,2017-01-04 01:07:23.000000,treatment,new_page,0
608020,2017-01-07 15:47:17.000000,control,old_page,0
607742,2017-01-07 02:28:11.000000,control,old_page,0
607222,2017-01-09 16:40:25.000000,control,old_page,0
611721,2017-01-13 10:50:00.000000,control,old_page,0
609311,2017-01-13 23:05:23.000000,control,old_page,0
602090,2017-01-09 20:50:57.000000,control,old_page,0
602565,2017-01-15 01:09:58.000000,treatment,new_page,1
604696,2017-01-14 01:04:10.000000,control,old_page,0
601331,2017-01-13 10:54:31.000000,control,old_page,1
606653,2017-01-09 04:17:51.000000,treatment,new_page,0
605128,2017-01-15 21:48:34.000000,control,old_page,0
611661,2017-01-11 04:53:52.000000,control,old_page,0
608077,2017-01-13 01:51:36.000000,treatment,new_page,0
611054,2017-01-08 02:27:13.000000,control,old_page,0
604858,2017-01-12 16:07:18.000000,control,old_page,1
601582,2017-01-12 17:52:42.000000,control,old_page,0
607691,2017-01-15 08:17:56.000000,control,old_page,0
609067,2017-01-06 05:25:02.000000,control,old_page,0
611347,2017-01-07 10:30:23.000000,control,old_page,0
600777,2017-01-04 22:41:03.000000,treatment,new_page,0
606035,2017-01-11 05:24:02.000000,control,old_page,0
605178,2017-01-03 09:16:40.000000,treatment,new_page,0
603743,2017-01-02 13:06:50.000000,treatment,new_page,0
609398,2017-01-08 11:51:17.000000,control,old_page,0
605707,2017-01-14 02:26:15.000000,control,old_page,1
610841,2017-01-16 06:48:38.000000,control,old_page,0
611412,2017-01-11 07:32:52.000000,control,old_page,0
610250,2017-01-12 11:39:21.000000,control,old_page,0
601983,2017-01-14 22:34:37.000000,control,old_page,0
604689,2017-01-07 02:43:26.000000,treatment,new_page,0
601914,2017-01-16 02:03:17.000000,treatment,new_page,0
608909,2017-01-07 08:36:45.000000,treatment,new_page,0
602762,2017-01-05 05:19:50.000000,treatment,new_page,0
607123,2017-01-06 22:44:21.000000,control,old_page,0
600171,2017-01-08 23:29:31.000000,treatment,new_page,0
603312,2017-01-03 19:19:22.000000,control,old_page,0
607087,2017-01-11 12:01:20.000000,control,old_page,0
608944,2017-01-11 12:02:07.000000,control,old_page,0
604613,2017-01-08 12:41:11.000000,control,new_page,0
603008,2017-01-15 10:02:16.000000,control,old_page,0
602241,2017-01-05 01:33:16.000000,control,old_page,0
602598,2017-01-07 17:50:58.000000,treatment,new_page,0
607528,2017-01-02 17:25:49.000000,treatment,new_page,0
601931,2017-01-10 02:41:21.000000,control,old_page,0
604818,2017-01-12 16:00:41.000000,control,old_page,0
607581,2017-01-05 05:37:20.000000,control,old_page,0
608214,2017-01-07 23:45:02.000000,control,old_page,0
600968,2017-01-08 06:38:11.000000,control,old_page,0
608054,2017-01-10 09:32:42.000000,treatment,new_page,0
607241,2017-01-03 06:35:04.000000,control,old_page,0
606103,2017-01-03 15:54:38.000000,treatment,new_page,0
610071,2017-01-11 16:41:42.000000,control,old_page,0
609476,2017-01-10 04:41:48.000000,treatment,new_page,0
602522,2017-01-08 19:13:46.000000,control,old_page,0
606204,2017-01-15 14:10:37.000000,control,old_page,0
611551,2017-01-09 04:13:01.000000,treatment,new_page,0
602669,2017-01-11 19:20:18.000000,treatment,new_page,0
609114,2017-01-02 14:56:38.000000,treatment,new_page,0
603435,2017-01-13 23:34:42.000000,treatment,new_page,0
605777,2017-01-04 16:34:20.000000,treatment,new_page,0
604786,2017-01-12 14:17:07.000000,control,old_page,0
610691,2017-01-05 09:06:41.000000,control,old_page,0
604168,2017-01-12 01:18:29.000000,control,old_page,0
602300,2017-01-05 12:22:39.000000,control,new_page,0
602306,2017-01-03 06:10:28.000000,control,old_page,0
606466,2017-01-05 20:36:29.000000,treatment,new_page,0
600267,2017-01-11 01:33:26.000000,treatment,new_page,0
601073,2017-01-15 08:16:03.000000,control,old_page,0
601539,2017-01-10 02:09:28.000000,treatment,new_page,0
603577,2017-01-09 13:42:05.000000,control,old_page,0
601006,2017-01-06 09:28:34.000000,control,old_page,0
611238,2017-01-10 15:26:39.000000,treatment,new_page,1
609774,2017-01-16 10:59:51.000000,treatment,new_page,1
604899,2017-01-15 09:04:15.000000,control,old_page,0
606320,2017-01-05 22:42:17.000000,control,old_page,0
603531,2017-01-14 02:22:48.000000,control,old_page,0
603991,2017-01-06 10:08:53.000000,control,old_page,0
609623,2017-01-08 17:42:50.000000,control,old_page,0
603656,2017-01-16 07:07:39.000000,control,old_page,0
600154,2017-01-12 19:45:08.000000,control,old_page,0
605514,2017-01-08 04:05:41.000000,treatment,new_page,0
600042,2017-01-04 06:35:41.000000,treatment,new_page,0
602983,2017-01-05 16:46:09.000000,control,new_page,0
602325,2017-01-15 17:42:10.000000,treatment,new_page,0
600325,2017-01-03 15:55:17.000000,control,old_page,0
603690,2017-01-16 09:38:19.000000,treatment,new_page,0
608003,2017-01-03 05:17:38.000000,control,old_page,0
602039,2017-01-03 23:34:42.000000,treatment,new_page,0
611047,2017-01-04 18:48:48.000000,treatment,new_page,0
609072,2017-01-12 07:43:42.000000,control,old_page,0
603171,2017-01-08 04:00:14.000000,control,old_page,0
606308,2017-01-11 19:02:21.000000,control,old_page,0
608234,2017-01-15 12:31:15.000000,control,old_page,0
603969,2017-01-03 20:46:32.000000,treatment,new_page,0
606277,2017-01-12 00:49:35.000000,treatment,new_page,0
602523,2017-01-04 15:41:49.000000,control,old_page,0
608148,2017-01-09 21:45:14.000000,treatment,new_page,0
601954,2017-01-03 06:00:20.000000,treatment,new_page,0
610642,2017-01-16 05:05:41.000000,treatment,new_page,0
607388,2017-01-06 09:09:41.000000,treatment,new_page,0
602420,2017-01-03 17:02:52.000000,control,old_page,0
608947,2017-01-14 16:14:30.000000,control,old_page,0
603425,2017-01-10 04:52:48.000000,treatment,new_page,1
604699,2017-01-15 03:42:03.000000,treatment,new_page,0
609818,2017-01-06 09:45:03.000000,treatment,new_page,0
603313,2017-01-04 18:03:46.000000,treatment,new_page,0
603673,2017-01-11 17:48:31.000000,treatment,new_page,0
605068,2017-01-08 00:35:17.000000,treatment,new_page,0
601389,2017-01-10 16:57:06.000000,treatment,new_page,0
600362,2017-01-04 11:56:23.000000,control,old_page,0
608773,2017-01-06 18:13:44.000000,control,old_page,0
610653,2017-01-15 18:14:49.000000,control,old_page,0
602590,2017-01-08 19:40:49.000000,treatment,new_page,0
608363,2017-01-11 08:03:11.000000,treatment,new_page,0
602919,2017-01-08 13:36:34.000000,control,old_page,0
608669,2017-01-07 12:06:27.000000,treatment,new_page,0
607582,2017-01-05 23:37:30.000000,control,old_page,0
611861,2017-01-11 10:19:59.000000,control,old_page,0
610989,2017-01-07 21:43:34.000000,control,old_page,0
604247,2017-01-10 05:25:53.000000,control,old_page,0
609177,2017-01-05 06:07:07.000000,treatment,new_page,0
607254,2017-01-09 12:03:18.000000,control,old_page,1
605821,2017-01-04 17:12:44.000000,control,old_page,0
607195,2017-01-11 21:17:20.000000,control,old_page,0
607843,2017-01-09 20:25:23.000000,treatment,new_page,0
608411,2017-01-09 13:31:27.000000,treatment,new_page,0
609315,2017-01-09 22:27:58.000000,control,old_page,0
604203,2017-01-14 20:54:07.000000,control,old_page,0
605796,2017-01-14 17:48:29.000000,treatment,new_page,0
608001,2017-01-05 03:31:39.000000,control,old_page,0
607368,2017-01-05 16:08:19.000000,control,old_page,0
604148,2017-01-02 21:53:15.000000,treatment,new_page,0
606635,2017-01-11 18:28:46.000000,treatment,new_page,1
606883,2017-01-12 20:34:05.000000,treatment,new_page,0
600806,2017-01-10 12:23:59.000000,treatment,new_page,0
608451,2017-01-03 04:55:57.000000,treatment,new_page,1
600737,2017-01-08 18:41:45.000000,treatment,new_page,0
611379,2017-01-08 23:35:12.000000,control,old_page,0
600279,2017-01-13 03:13:04.000000,treatment,new_page,0
604042,2017-01-12 21:56:03.000000,treatment,new_page,1
611341,2017-01-10 20:47:25.000000,treatment,new_page,0
601950,2017-01-07 00:27:03.000000,control,old_page,0
601601,2017-01-08 13:11:10.000000,control,new_page,0
609046,2017-01-09 10:58:24.000000,control,old_page,0
602106,2017-01-14 03:16:50.000000,control,old_page,0
602037,2017-01-06 13:41:28.000000,treatment,new_page,0
600534,2017-01-16 08:15:02.000000,treatment,new_page,0
605294,2017-01-03 15:30:45.000000,control,old_page,0
606547,2017-01-04 14:55:40.000000,control,old_page,0
604209,2017-01-08 10:57:37.000000,treatment,new_page,0
607214,2017-01-07 11:25:08.000000,treatment,new_page,1
605808,2017-01-13 07:46:56.000000,control,old_page,0
602337,2017-01-03 23:07:54.000000,treatment,new_page,0
603121,2017-01-06 05:46:35.000000,treatment,new_page,0
608456,2017-01-15 14:21:31.000000,treatment,new_page,1
602701,2017-01-08 00:48:33.000000,treatment,new_page,0
609284,2017-01-14 08:49:56.000000,control,old_page,1
603800,2017-01-15 20:19:18.000000,control,old_page,1
606265,2017-01-16 08:35:59.000000,treatment,new_page,0
610594,2017-01-07 19:04:33.000000,treatment,new_page,0
603585,2017-01-07 01:18:59.000000,treatment,new_page,0
604268,2017-01-11 06:52:58.000000,treatment,new_page,0
609123,2017-01-12 16:33:39.000000,treatment,new_page,0
610398,2017-01-15 21:00:25.000000,control,old_page,0
603797,2017-01-07 22:22:27.000000,control,old_page,0
606533,2017-01-06 16:24:05.000000,control,old_page,0
604066,2017-01-16 04:45:29.000000,control,old_page,0
605843,2017-01-02 23:50:54.000000,control,old_page,0
602588,2017-01-14 01:27:51.000000,treatment,new_page,0
603365,2017-01-14 06:44:05.000000,treatment,new_page,0
610042,2017-01-14 21:08:59.000000,treatment,new_page,0
607736,2017-01-04 10:26:52.000000,control,old_page,0
603855,2017-01-02 23:42:43.000000,control,old_page,0
602419,2017-01-04 04:29:35.000000,control,old_page,0
607598,2017-01-10 20:42:05.000000,treatment,new_page,0
611633,2017-01-16 11:37:12.000000,treatment,new_page,0
602028,2017-01-05 09:22:56.000000,treatment,new_page,0
609840,2017-01-05 01:21:59.000000,treatment,new_page,0
608822,2017-01-04 15:20:30.000000,control,new_page,0
606776,2017-01-15 14:31:47.000000,treatment,new_page,0
600618,2017-01-12 15:02:26.000000,treatment,new_page,0
607253,2017-01-10 17:30:46.000000,control,old_page,0
603180,2017-01-08 22:23:33.000000,treatment,new_page,0
602536,2017-01-11 20:08:20.000000,treatment,new_page,0
601669,2017-01-03 12:02:17.000000,treatment,new_page,0
602714,2017-01-14 10:32:59.000000,control,old_page,0
600473,2017-01-04 14:52:23.000000,control,old_page,0
601677,2017-01-09 21:37:11.000000,treatment,new_page,1
610976,2017-01-07 21:05:05.000000,control,old_page,0
608432,2017-01-06 00:25:04.000000,control,old_page,0
606877,2017-01-15 01:00:57.000000,treatment,new_page,0
608042,2017-01-15 07:05:14.000000,control,old_page,0
608440,2017-01-09 12:40:50.000000,control,old_page,0
605899,2017-01-02 15:29:34.000000,treatment,new_page,0
609433,2017-01-16 11:20:08.000000,treatment,new_page,0
607290,2017-01-08 09:00:19.000000,control,old_page,0
604446,2017-01-10 15:14:33.000000,treatment,new_page,0
607266,2017-01-09 03:21:03.000000,treatment,new_page,0
603335,2017-01-03 10:00:25.000000,control,old_page,0
607804,2017-01-12 01:18:10.000000,control,old_page,0
600235,2017-01-06 03:16:15.000000,control,old_page,1
603877,2017-01-03 01:31:04.000000,control,old_page,0
609716,2017-01-10 19:51:59.000000,treatment,new_page,0
604599,2017-01-03 07:41:47.000000,treatment,new_page,1
603534,2017-01-15 20:33:02.000000,control,old_page,0
608784,2017-01-05 10:34:16.000000,control,new_page,0
603660,2017-01-09 05:23:17.000000,treatment,new_page,0
611434,2017-01-04 01:57:08.000000,control,old_page,0
609431,2017-01-04 09:00:45.000000,treatment,new_page,0
608029,2017-01-09 07:08:41.000000,treatment,new_page,0
603176,2017-01-13 22:36:18.000000,treatment,new_page,0
604707,2017-01-15 20:30:22.000000,control,old_page,0
608091,2017-01-14 16:45:59.000000,control,old_page,0
604560,2017-01-03 20:28:24.000000,treatment,old_page,0
607713,2017-01-09 22:15:42.000000,control,old_page,0
611325,2017-01-02 17:20:00.000000,treatment,new_page,0
605487,2017-01-14 01:07:07.000000,control,old_page,1
611216,2017-01-10 12:09:48.000000,treatment,new_page,0
604512,2017-01-15 23:23:00.000000,control,old_page,0
611262,2017-01-10 13:19:17.000000,control,old_page,0
608608,2017-01-12 02:18:53.000000,treatment,new_page,0
606974,2017-01-08 22:31:03.000000,treatment,new_page,0
610504,2017-01-15 21:28:20.000000,control,old_page,0
602463,2017-01-07 09:19:08.000000,control,old_page,0
602554,2017-01-10 02:08:27.000000,control,old_page,0
608674,2017-01-10 13:20:31.000000,treatment,new_page,0
604804,2017-01-05 20:45:56.000000,control,old_page,0
602971,2017-01-15 22:38:09.000000,control,old_page,0
607651,2017-01-11 02:12:08.000000,control,old_page,1
601798,2017-01-05 22:31:37.000000,treatment,new_page,0
604257,2017-01-05 04:54:14.000000,treatment,new_page,0
601164,2017-01-15 17:20:17.000000,control,old_page,1
609228,2017-01-15 06:58:21.000000,control,old_page,0
608872,2017-01-03 08:43:08.000000,control,old_page,1
609549,2017-01-10 14:09:37.000000,control,old_page,0
601979,2017-01-04 14:22:17.000000,treatment,new_page,0
608723,2017-01-04 10:18:52.000000,treatment,new_page,1
600577,2017-01-15 03:19:06.000000,treatment,new_page,0
608826,2017-01-13 17:10:22.000000,control,old_page,0
600740,2017-01-10 18:18:57.000000,treatment,new_page,0
601608,2017-01-02 22:06:51.000000,control,old_page,1
600859,2017-01-04 21:15:10.000000,treatment,new_page,0
603048,2017-01-10 14:14:17.000000,control,old_page,1
607543,2017-01-15 03:19:04.000000,treatment,new_page,0
610641,2017-01-08 05:47:30.000000,treatment,new_page,0
611574,2017-01-08 03:28:59.000000,treatment,new_page,0
610330,2017-01-06 19:26:26.000000,treatment,new_page,0
602218,2017-01-13 19:56:13.000000,treatment,new_page,0
608474,2017-01-13 13:09:43.000000,treatment,new_page,0
605585,2017-01-13 15:18:02.000000,treatment,new_page,0
600134,2017-01-08 03:03:05.000000,treatment,new_page,1
604274,2017-01-04 14:19:12.000000,control,old_page,0
611831,2017-01-15 15:34:50.000000,control,old_page,0
604748,2017-01-05 22:13:11.000000,treatment,old_page,1
602067,2017-01-13 13:52:45.000000,treatment,new_page,0
607946,2017-01-12 01:44:26.000000,control,old_page,0
600555,2017-01-13 04:49:31.000000,control,old_page,0
608644,2017-01-05 02:11:32.000000,control,old_page,1
610213,2017-01-11 21:50:39.000000,treatment,new_page,0
601996,2017-01-11 06:09:19.000000,treatment,new_page,0
601567,2017-01-14 09:45:46.000000,control,old_page,0
605634,2017-01-09 17:16:19.000000,control,old_page,0
600246,2017-01-06 20:08:25.000000,treatment,new_page,1
606696,2017-01-02 18:19:12.000000,control,old_page,0
610609,2017-01-12 19:30:42.000000,treatment,new_page,0
602111,2017-01-06 00:13:04.000000,control,new_page,0
609221,2017-01-06 07:48:17.000000,treatment,new_page,0
605474,2017-01-09 21:18:37.000000,control,old_page,0
608966,2017-01-05 15:59:46.000000,treatment,new_page,0
604393,2017-01-11 01:46:23.000000,control,old_page,0
611439,2017-01-15 12:32:56.000000,control,old_page,0
601298,2017-01-10 17:40:39.000000,treatment,new_page,0
601428,2017-01-05 21:26:19.000000,treatment,new_page,0
600640,2017-01-13 14:15:26.000000,treatment,new_page,0
602499,2017-01-12 02:59:24.000000,treatment,new_page,0
607692,2017-01-13 22:43:57.000000,control,old_page,0
606167,2017-01-10 12:47:49.000000,control,old_page,0
605334,2017-01-13 03:14:19.000000,control,old_page,0
604986,2017-01-14 19:03:51.000000,control,old_page,0
600977,2017-01-13 10:30:22.000000,treatment,new_page,0
611148,2017-01-06 13:40:12.000000,control,old_page,1
603928,2017-01-16 07:19:35.000000,treatment,new_page,0
603694,2017-01-15 07:18:47.000000,treatment,new_page,0
604609,2017-01-14 00:49:38.000000,treatment,new_page,0
604051,2017-01-03 22:53:41.000000,control,old_page,0
607837,2017-01-14 10:49:52.000000,treatment,new_page,0
611119,2017-01-09 20:54:41.000000,control,old_page,0
604424,2017-01-15 15:56:27.000000,treatment,new_page,0
610601,2017-01-14 11:25:32.000000,control,old_page,0
605485,2017-01-07 04:12:56.000000,control,old_page,0
603611,2017-01-07 14:25:45.000000,control,old_page,0
600674,2017-01-11 18:22:17.000000,treatment,new_page,0
608506,2017-01-12 17:25:52.000000,treatment,new_page,0
606946,2017-01-10 13:56:45.000000,treatment,new_page,0
607431,2017-01-07 00:14:00.000000,treatment,new_page,1
607329,2017-01-10 19:53:19.000000,control,old_page,0
607731,2017-01-09 08:25:38.000000,control,old_page,0
600373,2017-01-11 23:53:12.000000,treatment,new_page,0
605073,2017-01-04 20:11:10.000000,treatment,new_page,0
603834,2017-01-07 09:19:30.000000,treatment,new_page,0
600135,2017-01-08 02:22:05.000000,control,old_page,1
602606,2017-01-02 17:55:49.000000,control,old_page,0
600410,2017-01-13 13:52:53.000000,control,old_page,0
608268,2017-01-03 23:07:41.000000,treatment,new_page,1
603702,2017-01-12 15:18:37.000000,treatment,new_page,0
602728,2017-01-03 17:18:14.000000,treatment,new_page,1
610169,2017-01-12 07:18:59.000000,control,old_page,0
606471,2017-01-14 11:17:33.000000,control,old_page,0
600902,2017-01-13 13:16:04.000000,control,old_page,0
602954,2017-01-09 11:57:56.000000,treatment,new_page,0
602422,2017-01-12 14:11:01.000000,control,old_page,0
601586,2017-01-11 16:54:27.000000,control,old_page,0
600818,2017-01-12 18:13:38.000000,treatment,new_page,0
602676,2017-01-13 15:33:16.000000,control,old_page,0
607821,2017-01-14 01:28:29.000000,control,old_page,1
600230,2017-01-15 18:49:45.000000,control,new_page,0
607230,2017-01-11 16:53:12.000000,treatment,new_page,0
610464,2017-01-11 04:29:00.000000,treatment,new_page,0
609424,2017-01-11 14:33:52.000000,control,old_page,0
607606,2017-01-05 11:50:00.000000,control,old_page,1
606573,2017-01-08 13:47:01.000000,control,old_page,0
608227,2017-01-10 19:36:52.000000,treatment,new_page,0
606304,2017-01-03 15:00:06.000000,control,old_page,1
601635,2017-01-06 19:01:20.000000,treatment,new_page,0
601357,2017-01-13 00:02:01.000000,control,old_page,0
610952,2017-01-03 12:54:15.000000,treatment,new_page,0
606167,2017-01-10 12:47:49.000000,control,old_page,0
608134,2017-01-03 09:35:59.000000,control,old_page,1
603544,2017-01-13 02:23:33.000000,treatment,new_page,0
608109,2017-01-08 15:26:25.000000,control,old_page,0
609232,2017-01-02 21:17:27.000000,treatment,new_page,1
600001,2017-01-03 03:34:11.000000,treatment,new_page,0
610431,2017-01-13 09:26:30.000000,control,old_page,0
603369,2017-01-13 17:23:20.000000,treatment,new_page,0
603341,2017-01-04 04:58:20.000000,treatment,new_page,0
601699,2017-01-03 15:37:52.000000,treatment,new_page,0
607911,2017-01-08 14:38:50.000000,control,old_page,0
606663,2017-01-08 00:06:49.000000,treatment,new_page,1
605024,2017-01-10 07:41:41.000000,control,old_page,0
601497,2017-01-06 18:58:57.000000,control,old_page,0
604638,2017-01-03 03:13:18.000000,treatment,new_page,0
607878,2017-01-09 13:00:36.000000,control,old_page,1
604345,2017-01-14 07:29:07.000000,control,old_page,0
601988,2017-01-11 20:31:38.000000,control,old_page,0
610613,2017-01-05 10:56:58.000000,control,old_page,0
608335,2017-01-14 18:18:27.000000,treatment,new_page,0
606609,2017-01-05 02:26:25.000000,control,old_page,0
604134,2017-01-05 18:18:48.000000,control,old_page,1
601896,2017-01-15 17:41:46.000000,control,old_page,0
606388,2017-01-03 01:21:27.000000,treatment,new_page,0
605425,2017-01-15 21:58:38.000000,control,old_page,1
609204,2017-01-09 22:31:28.000000,control,old_page,0
608485,2017-01-06 20:45:34.000000,control,old_page,0
603841,2017-01-10 20:58:12.000000,treatment,new_page,1
606913,2017-01-03 09:38:20.000000,treatment,new_page,0
608111,2017-01-09 12:48:44.000000,control,old_page,0
609447,2017-01-03 01:30:54.000000,control,old_page,0
605234,2017-01-12 02:13:37.000000,treatment,new_page,0
603257,2017-01-15 05:06:46.000000,control,old_page,0
610730,2017-01-14 00:53:25.000000,treatment,new_page,0
604688,2017-01-13 12:17:47.000000,treatment,new_page,0
604597,2017-01-11 05:53:38.000000,treatment,new_page,0
603496,2017-01-16 10:00:10.000000,control,old_page,0
605139,2017-01-11 08:42:56.000000,treatment,new_page,0
600535,2017-01-07 14:02:42.000000,treatment,new_page,0
603605,2017-01-11 21:09:39.000000,treatment,new_page,0
606839,2017-01-05 14:36:53.000000,control,old_page,0
610789,2017-01-08 02:14:46.000000,treatment,new_page,0
607521,2017-01-07 06:55:19.000000,treatment,new_page,0
611817,2017-01-03 04:03:13.000000,treatment,new_page,0
604328,2017-01-14 00:38:09.000000,treatment,new_page,0
611725,2017-01-13 00:33:17.000000,control,old_page,1
604088,2017-01-15 21:23:40.000000,control,old_page,1
611121,2017-01-13 04:45:04.000000,control,old_page,0
603508,2017-01-12 14:09:57.000000,control,old_page,0
606002,2017-01-03 21:30:00.000000,treatment,new_page,0
610228,2017-01-04 03:04:27.000000,control,old_page,1
610171,2017-01-12 09:23:28.000000,control,old_page,0
606086,2017-01-03 01:31:12.000000,control,old_page,0
609755,2017-01-16 03:36:51.000000,treatment,new_page,0
609551,2017-01-12 10:28:33.000000,control,old_page,0
606296,2017-01-11 11:48:07.000000,control,old_page,1
607792,2017-01-07 20:54:52.000000,control,old_page,0
609891,2017-01-13 17:06:30.000000,treatment,new_page,0
611352,2017-01-09 04:17:37.000000,treatment,new_page,0
603184,2017-01-11 17:30:10.000000,control,old_page,0
610671,2017-01-13 20:47:17.000000,control,old_page,0
602809,2017-01-13 05:43:09.000000,control,old_page,0
604336,2017-01-04 09:46:31.000000,treatment,old_page,0
609959,2017-01-03 23:27:18.000000,treatment,new_page,1
603293,2017-01-07 11:39:36.000000,control,old_page,0
600588,2017-01-04 16:17:54.000000,control,old_page,0
605880,2017-01-05 22:21:07.000000,treatment,new_page,0
604778,2017-01-04 16:01:47.000000,control,old_page,0
606623,2017-01-11 16:37:27.000000,treatment,new_page,0
601862,2017-01-09 14:46:51.000000,treatment,new_page,0
606217,2017-01-16 11:18:30.000000,treatment,new_page,0
605170,2017-01-13 05:00:46.000000,control,old_page,0
602060,2017-01-12 01:45:53.000000,control,old_page,0
603333,2017-01-14 22:24:56.000000,treatment,new_page,0
610742,2017-01-04 15:34:52.000000,control,old_page,0
608079,2017-01-04 15:06:33.000000,treatment,new_page,0
601961,2017-01-05 00:16:29.000000,treatment,new_page,0
609378,2017-01-08 14:32:45.000000,control,old_page,0
605782,2017-01-10 00:55:01.000000,treatment,new_page,0
611745,2017-01-15 11:24:22.000000,treatment,new_page,0
603689,2017-01-07 10:43:10.000000,control,old_page,0
601011,2017-01-10 15:56:50.000000,control,old_page,1
607416,2017-01-11 07:35:05.000000,treatment,new_page,0
602315,2017-01-09 16:54:40.000000,control,old_page,0
602217,2017-01-15 01:27:36.000000,treatment,new_page,0
607619,2017-01-14 13:49:31.000000,control,old_page,0
605826,2017-01-12 13:29:12.000000,treatment,new_page,0
607909,2017-01-10 08:51:29.000000,treatment,new_page,0
610207,2017-01-06 08:17:44.000000,treatment,new_page,0
605103,2017-01-15 05:14:38.000000,control,old_page,0
600550,2017-01-08 23:44:31.000000,treatment,new_page,1
610911,2017-01-13 18:32:12.000000,treatment,new_page,0
609725,2017-01-09 14:34:55.000000,control,old_page,1
600732,2017-01-06 19:19:03.000000,control,old_page,0
611605,2017-01-07 23:40:24.000000,control,old_page,0
600142,2017-01-07 17:48:07.000000,treatment,new_page,0
607447,2017-01-11 23:41:21.000000,treatment,new_page,0
604564,2017-01-08 15:26:25.000000,control,old_page,0
606243,2017-01-06 08:28:47.000000,treatment,new_page,0
605380,2017-01-10 09:15:38.000000,treatment,new_page,0
602861,2017-01-09 22:26:28.000000,treatment,new_page,0
608830,2017-01-05 18:19:25.000000,control,old_page,0
604351,2017-01-06 06:47:56.000000,treatment,new_page,0
611529,2017-01-02 15:20:08.000000,control,old_page,0
606618,2017-01-04 17:41:10.000000,treatment,new_page,0
601998,2017-01-11 20:39:49.000000,treatment,new_page,0
607309,2017-01-14 18:21:20.000000,control,old_page,0
611213,2017-01-08 00:46:13.000000,treatment,new_page,0
603195,2017-01-07 01:52:49.000000,control,old_page,0
604852,2017-01-16 02:26:24.000000,treatment,new_page,0
600835,2017-01-11 18:53:34.000000,treatment,new_page,0
609107,2017-01-12 08:19:38.000000,control,old_page,0
606261,2017-01-07 10:30:01.000000,control,old_page,0
603572,2017-01-09 10:50:10.000000,treatment,new_page,0
609386,2017-01-13 23:52:02.000000,control,old_page,0
610865,2017-01-13 01:05:24.000000,treatment,new_page,0
605431,2017-01-08 16:36:17.000000,control,old_page,0
606485,2017-01-08 17:41:55.000000,treatment,new_page,0
611754,2017-01-07 07:20:07.000000,control,old_page,0
609672,2017-01-09 07:11:31.000000,control,old_page,0
605489,2017-01-13 08:23:10.000000,treatment,new_page,0
608917,2017-01-07 09:44:42.000000,treatment,new_page,0
606322,2017-01-06 16:22:31.000000,treatment,new_page,0
608904,2017-01-09 20:06:07.000000,treatment,new_page,0
600683,2017-01-03 15:47:30.000000,control,old_page,1
600995,2017-01-10 08:18:10.000000,treatment,new_page,0
601146,2017-01-10 21:51:43.000000,control,old_page,0
608945,2017-01-12 04:57:25.000000,treatment,new_page,0
600322,2017-01-10 16:15:40.000000,control,old_page,0
609472,2017-01-06 22:46:54.000000,control,old_page,0
610811,2017-01-05 11:29:38.000000,control,old_page,1
606608,2017-01-07 16:17:22.000000,control,old_page,0
601064,2017-01-07 06:01:21.000000,control,old_page,0
601278,2017-01-04 10:56:21.000000,control,old_page,0
611071,2017-01-06 21:13:50.000000,control,old_page,0
605662,2017-01-10 15:51:22.000000,control,old_page,0
611005,2017-01-14 11:19:51.000000,control,old_page,0
600602,2017-01-09 00:34:17.000000,treatment,new_page,0
610102,2017-01-13 02:57:30.000000,treatment,new_page,0
607791,2017-01-05 04:36:16.000000,treatment,new_page,0
609294,2017-01-09 02:43:09.000000,control,old_page,0
607513,2017-01-15 18:19:49.000000,control,old_page,0
605258,2017-01-13 02:29:54.000000,treatment,old_page,0
611113,2017-01-09 19:28:54.000000,control,old_page,0
603247,2017-01-03 11:44:25.000000,treatment,new_page,0
600799,2017-01-16 05:53:25.000000,control,old_page,0
609599,2017-01-11 15:19:11.000000,treatment,new_page,0
605458,2017-01-02 23:26:10.000000,control,old_page,1
601393,2017-01-16 04:55:37.000000,control,old_page,0
603567,2017-01-07 21:30:15.000000,control,old_page,0
606343,2017-01-06 14:47:55.000000,treatment,new_page,1
611237,2017-01-13 00:45:21.000000,control,old_page,0
602253,2017-01-04 20:40:39.000000,treatment,new_page,0
606773,2017-01-14 10:42:13.000000,treatment,new_page,0
603957,2017-01-15 13:20:07.000000,treatment,new_page,0
609548,2017-01-08 23:28:45.000000,treatment,new_page,1
602865,2017-01-10 19:33:43.000000,control,old_page,1
610907,2017-01-05 22:08:06.000000,treatment,new_page,0
603278,2017-01-15 05:24:07.000000,control,old_page,1
605917,2017-01-11 05:31:48.000000,control,old_page,0
606592,2017-01-04 23:31:10.000000,treatment,new_page,0
609985,2017-01-15 03:02:29.000000,control,old_page,1
607322,2017-01-07 18:37:24.000000,treatment,new_page,0
605975,2017-01-06 12:49:02.000000,control,old_page,1
608430,2017-01-12 21:33:52.000000,control,old_page,0
601839,2017-01-09 01:39:23.000000,control,old_page,0
601200,2017-01-06 10:11:56.000000,treatment,new_page,0
604664,2017-01-04 04:02:01.000000,treatment,new_page,0
604995,2017-01-05 10:24:02.000000,control,old_page,0
609644,2017-01-15 23:19:11.000000,treatment,new_page,1
608301,2017-01-04 10:07:04.000000,control,old_page,0
604666,2017-01-10 16:06:38.000000,control,old_page,1
605043,2017-01-13 22:37:12.000000,treatment,new_page,0
610528,2017-01-13 10:16:08.000000,control,old_page,0
605363,2017-01-10 09:28:29.000000,control,old_page,1
608172,2017-01-03 22:08:13.000000,control,old_page,0
605004,2017-01-09 21:32:10.000000,treatment,new_page,0
600773,2017-01-12 17:09:32.000000,treatment,new_page,0
610461,2017-01-14 00:58:39.000000,control,old_page,0
608527,2017-01-08 20:52:06.000000,treatment,new_page,0
607452,2017-01-07 08:40:10.000000,control,old_page,0
610477,2017-01-12 19:24:37.000000,treatment,new_page,0
606118,2017-01-04 02:47:28.000000,control,old_page,0
603668,2017-01-08 22:24:43.000000,treatment,new_page,0
600450,2017-01-06 06:07:25.000000,control,old_page,0
606179,2017-01-13 23:57:44.000000,treatment,new_page,0
603142,2017-01-15 22:19:36.000000,control,old_page,0
606920,2017-01-09 18:48:06.000000,control,old_page,1
602128,2017-01-09 10:58:42.000000,treatment,new_page,0
603891,2017-01-12 01:50:59.000000,treatment,new_page,1
600784,2017-01-08 06:32:44.000000,treatment,new_page,1
603068,2017-01-04 15:23:34.000000,control,old_page,0
603393,2017-01-11 04:24:03.000000,control,old_page,1
610679,2017-01-12 03:53:26.000000,control,old_page,0
603325,2017-01-15 04:30:27.000000,control,old_page,0
600813,2017-01-15 15:41:53.000000,control,old_page,0
608785,2017-01-10 04:03:21.000000,control,old_page,0
603223,2017-01-06 00:08:09.000000,treatment,new_page,0
610961,2017-01-07 12:21:31.000000,control,old_page,0
600441,2017-01-10 23:15:39.000000,treatment,new_page,0
603110,2017-01-08 15:02:10.000000,control,old_page,0
601532,2017-01-10 13:01:14.000000,control,old_page,0
605744,2017-01-09 10:08:25.000000,control,old_page,0
605985,2017-01-08 07:51:15.000000,treatment,new_page,0
606825,2017-01-09 09:16:29.000000,treatment,new_page,0
600600,2017-01-14 15:23:35.000000,treatment,new_page,0
607848,2017-01-14 07:09:25.000000,control,old_page,0
600811,2017-01-02 14:39:06.000000,control,old_page,0
600287,2017-01-02 13:59:06.000000,treatment,new_page,0
610901,2017-01-07 04:45:31.000000,treatment,new_page,0
610495,2017-01-09 10:53:10.000000,control,old_page,0
601213,2017-01-06 06:23:03.000000,treatment,new_page,0
608377,2017-01-10 03:49:39.000000,control,old_page,0
611759,2017-01-13 19:48:19.000000,treatment,new_page,0
611036,2017-01-06 15:10:57.000000,control,old_page,0
610612,2017-01-12 16:12:13.000000,treatment,new_page,0
600683,2017-01-03 15:47:30.000000,control,old_page,1
600377,2017-01-09 18:57:16.000000,treatment,new_page,0
600213,2017-01-05 03:21:10.000000,treatment,new_page,0
605846,2017-01-09 22:26:59.000000,treatment,new_page,0
607778,2017-01-04 21:58:48.000000,control,old_page,0
610507,2017-01-12 03:25:02.000000,control,old_page,0
608716,2017-01-14 00:46:46.000000,control,old_page,1
600756,2017-01-13 19:27:19.000000,treatment,old_page,0
604316,2017-01-14 23:38:52.000000,treatment,new_page,0
600946,2017-01-16 12:24:14.000000,control,old_page,0
601840,2017-01-06 14:24:19.000000,control,old_page,0
605338,2017-01-03 12:45:46.000000,control,old_page,0
604799,2017-01-12 14:28:18.000000,control,old_page,0
605345,2017-01-05 13:02:01.000000,control,old_page,0
603132,2017-01-14 08:40:53.000000,treatment,new_page,0
609602,2017-01-02 21:20:34.000000,control,old_page,1
601946,2017-01-16 03:08:08.000000,control,new_page,0
604889,2017-01-07 00:38:35.000000,treatment,new_page,1
602454,2017-01-03 17:54:53.000000,control,old_page,0
608728,2017-01-13 05:08:14.000000,control,old_page,0
611722,2017-01-07 11:56:02.000000,control,old_page,0
608926,2017-01-15 21:17:55.000000,treatment,new_page,0
601488,2017-01-12 10:02:26.000000,treatment,new_page,0
602511,2017-01-06 14:22:49.000000,treatment,new_page,0
600344,2017-01-14 19:03:16.000000,control,old_page,0
606108,2017-01-09 16:22:25.000000,treatment,new_page,0
607859,2017-01-05 03:52:29.000000,treatment,new_page,0
605239,2017-01-07 23:46:23.000000,control,old_page,1
609796,2017-01-07 14:58:23.000000,treatment,new_page,0
607840,2017-01-14 08:24:10.000000,control,old_page,0
604343,2017-01-11 12:24:17.000000,treatment,new_page,0
606505,2017-01-12 04:39:27.000000,treatment,new_page,0
606544,2017-01-05 04:36:39.000000,treatment,new_page,0
604262,2017-01-11 19:59:28.000000,control,old_page,0
607992,2017-01-14 04:53:31.000000,control,old_page,0
605315,2017-01-12 23:32:35.000000,control,old_page,0
607670,2017-01-04 08:35:17.000000,treatment,new_page,0
600283,2017-01-16 12:53:12.000000,control,old_page,1
602416,2017-01-10 07:07:59.000000,control,old_page,0
601396,2017-01-10 13:57:39.000000,treatment,new_page,0
602170,2017-01-15 14:12:25.000000,treatment,new_page,0
604871,2017-01-03 05:45:13.000000,treatment,new_page,1
602446,2017-01-13 01:56:24.000000,control,old_page,1
603695,2017-01-11 10:25:00.000000,control,old_page,0
610220,2017-01-06 04:46:45.000000,control,old_page,0
607255,2017-01-06 18:07:04.000000,treatment,new_page,1
606535,2017-01-07 08:21:19.000000,control,old_page,0
611365,2017-01-14 01:25:35.000000,treatment,new_page,0
603550,2017-01-09 21:50:38.000000,control,old_page,0
610392,2017-01-02 22:32:50.000000,control,old_page,0
608992,2017-01-08 19:12:02.000000,control,old_page,0
604072,2017-01-09 14:13:17.000000,treatment,new_page,1
602805,2017-01-14 06:24:51.000000,treatment,old_page,1
605676,2017-01-14 19:20:37.000000,control,new_page,1
607201,2017-01-08 12:15:06.000000,control,old_page,0
610295,2017-01-09 02:27:05.000000,treatment,new_page,0
609928,2017-01-04 02:03:59.000000,treatment,new_page,0
611052,2017-01-09 15:46:26.000000,control,old_page,0
604966,2017-01-14 07:15:39.000000,treatment,new_page,0
600507,2017-01-09 17:34:33.000000,control,new_page,0
606262,2017-01-12 05:34:20.000000,treatment,new_page,0
602394,2017-01-06 20:31:21.000000,treatment,new_page,0
609649,2017-01-06 23:22:45.000000,control,old_page,0
605696,2017-01-05 22:32:21.000000,treatment,new_page,0
611259,2017-01-16 10:12:45.000000,control,old_page,0
609087,2017-01-03 02:38:10.000000,treatment,new_page,0
609916,2017-01-09 22:28:40.000000,control,old_page,0
600356,2017-01-14 07:17:53.000000,treatment,new_page,0
601832,2017-01-16 02:57:13.000000,treatment,new_page,0
608739,2017-01-07 17:36:19.000000,treatment,new_page,0
605480,2017-01-13 02:51:54.000000,treatment,new_page,0
608284,2017-01-03 17:52:56.000000,control,old_page,0
601175,2017-01-14 14:03:33.000000,treatment,new_page,0
606361,2017-01-11 11:56:47.000000,control,old_page,0
611732,2017-01-05 04:13:12.000000,control,old_page,0
603584,2017-01-03 00:17:55.000000,control,new_page,0
600508,2017-01-15 12:09:22.000000,control,old_page,1
609207,2017-01-06 06:58:06.000000,treatment,new_page,0
605171,2017-01-14 10:39:16.000000,treatment,new_page,0
607607,2017-01-15 02:45:14.000000,treatment,new_page,0
611458,2017-01-16 01:44:33.000000,treatment,new_page,0
608195,2017-01-14 08:14:11.000000,control,old_page,0
603402,2017-01-14 11:48:32.000000,treatment,new_page,0
609352,2017-01-11 02:59:38.000000,treatment,new_page,0
605501,2017-01-12 15:09:16.000000,treatment,new_page,0
610183,2017-01-07 12:57:15.000000,control,old_page,0
609440,2017-01-10 13:29:20.000000,control,old_page,0
608069,2017-01-10 08:05:19.000000,control,old_page,0
605021,2017-01-11 17:04:59.000000,treatment,new_page,0
600313,2017-01-10 08:43:25.000000,control,old_page,0
607533,2017-01-09 10:12:41.000000,control,old_page,0
600459,2017-01-09 07:29:14.000000,treatment,new_page,0
601512,2017-01-13 21:38:30.000000,control,old_page,0
608116,2017-01-14 16:17:54.000000,control,old_page,0
607264,2017-01-14 17:21:42.000000,control,old_page,0
600710,2017-01-08 14:41:33.000000,control,old_page,0
606814,2017-01-11 17:34:09.000000,treatment,new_page,0
600520,2017-01-06 05:23:14.000000,control,old_page,0
601351,2017-01-11 02:34:34.000000,control,old_page,0
607830,2017-01-16 07:27:24.000000,treatment,new_page,0
604498,2017-01-07 21:29:34.000000,control,old_page,0
611832,2017-01-06 04:43:03.000000,control,old_page,0
609075,2017-01-15 09:30:34.000000,control,old_page,0
608582,2017-01-06 05:27:27.000000,control,old_page,0
608915,2017-01-13 16:13:11.000000,control,old_page,0
605912,2017-01-05 12:53:41.000000,control,old_page,0
603096,2017-01-05 23:59:10.000000,control,old_page,0
603026,2017-01-11 15:25:44.000000,treatment,new_page,0
607988,2017-01-14 22:58:44.000000,treatment,new_page,0
605182,2017-01-05 12:06:05.000000,treatment,new_page,0
603516,2017-01-15 06:14:31.000000,treatment,new_page,1
604541,2017-01-03 10:54:57.000000,treatment,new_page,0
604253,2017-01-09 16:22:29.000000,control,old_page,0
610276,2017-01-14 10:13:04.000000,control,old_page,0
604526,2017-01-04 12:01:27.000000,control,old_page,0
611073,2017-01-02 18:05:42.000000,control,old_page,0
603792,2017-01-06 06:14:38.000000,control,old_page,0
605167,2017-01-07 19:59:56.000000,control,old_page,0
604489,2017-01-04 21:40:36.000000,control,old_page,0
611106,2017-01-07 13:31:26.000000,control,old_page,0
606933,2017-01-11 09:20:02.000000,control,old_page,0
611760,2017-01-05 14:51:14.000000,treatment,new_page,0
604923,2017-01-13 15:11:24.000000,treatment,new_page,0
611852,2017-01-09 05:14:43.000000,treatment,new_page,0
607277,2017-01-04 09:58:39.000000,treatment,new_page,0
601533,2017-01-08 21:21:56.000000,treatment,new_page,0
600698,2017-01-08 16:57:09.000000,control,old_page,0
603072,2017-01-12 03:10:12.000000,treatment,new_page,1
600381,2017-01-15 14:32:10.000000,treatment,new_page,0
603523,2017-01-10 01:13:17.000000,control,old_page,0
606826,2017-01-06 16:28:03.000000,control,old_page,0
608848,2017-01-03 10:23:50.000000,treatment,new_page,0
601972,2017-01-12 01:40:24.000000,treatment,old_page,0
607864,2017-01-13 10:43:06.000000,treatment,new_page,0
603923,2017-01-06 05:31:17.000000,treatment,new_page,1
604187,2017-01-13 23:06:46.000000,control,old_page,0
601304,2017-01-08 23:10:23.000000,treatment,new_page,0
606538,2017-01-03 23:21:34.000000,treatment,new_page,0
603473,2017-01-08 20:19:35.000000,control,old_page,0
601558,2017-01-04 10:29:53.000000,treatment,new_page,1
609410,2017-01-10 14:59:36.000000,control,old_page,0
610738,2017-01-14 10:37:31.000000,treatment,new_page,0
605016,2017-01-14 20:09:55.000000,control,old_page,0
600251,2017-01-09 00:25:32.000000,control,old_page,0
608701,2017-01-08 22:10:20.000000,treatment,new_page,0
609951,2017-01-10 18:54:04.000000,control,old_page,1
601015,2017-01-09 10:31:39.000000,control,old_page,0
608015,2017-01-06 09:13:29.000000,control,old_page,0
600728,2017-01-05 17:33:10.000000,control,old_page,0
602068,2017-01-04 19:15:32.000000,treatment,new_page,0
600719,2017-01-14 14:21:52.000000,treatment,new_page,0
603427,2017-01-11 18:01:58.000000,treatment,new_page,0
606088,2017-01-10 18:07:21.000000,treatment,new_page,0
608573,2017-01-04 14:28:03.000000,control,old_page,0
602829,2017-01-03 20:47:13.000000,control,old_page,0
605908,2017-01-15 14:47:09.000000,control,old_page,0
609041,2017-01-09 05:04:29.000000,treatment,new_page,0
604420,2017-01-08 23:10:42.000000,control,old_page,1
611622,2017-01-11 13:01:35.000000,treatment,new_page,0
605153,2017-01-08 15:41:19.000000,control,old_page,1
600636,2017-01-10 22:02:57.000000,control,old_page,0
610579,2017-01-14 23:08:53.000000,treatment,old_page,0
609971,2017-01-14 15:13:23.000000,control,old_page,0
608897,2017-01-05 03:49:48.000000,control,old_page,0
601941,2017-01-03 02:09:24.000000,treatment,new_page,0
600895,2017-01-10 18:57:43.000000,control,old_page,0
603190,2017-01-14 08:37:02.000000,treatment,new_page,0
600315,2017-01-14 22:46:49.000000,control,old_page,0
611139,2017-01-15 22:20:03.000000,control,old_page,0
601599,2017-01-15 18:09:44.000000,control,old_page,0
609992,2017-01-15 23:59:50.000000,control,old_page,0
604718,2017-01-06 06:24:40.000000,control,old_page,1
604467,2017-01-10 00:15:58.000000,control,old_page,0
606632,2017-01-05 08:38:12.000000,treatment,new_page,0
608815,2017-01-13 20:36:41.000000,treatment,new_page,0
611753,2017-01-09 07:37:53.000000,control,old_page,0
604386,2017-01-07 06:33:08.000000,treatment,new_page,0
605172,2017-01-10 05:22:07.000000,treatment,new_page,0
602340,2017-01-08 04:35:37.000000,treatment,new_page,1
609950,2017-01-08 01:01:38.000000,control,old_page,0
601760,2017-01-09 19:44:52.000000,treatment,new_page,0
601460,2017-01-09 14:12:03.000000,control,old_page,0
608759,2017-01-07 04:15:22.000000,control,old_page,0
609760,2017-01-15 03:19:12.000000,treatment,new_page,0
608711,2017-01-09 06:30:09.000000,treatment,new_page,0
600196,2017-01-10 04:01:31.000000,control,old_page,0
609687,2017-01-03 23:29:58.000000,treatment,new_page,0
607153,2017-01-05 12:41:48.000000,control,old_page,1
601578,2017-01-04 07:32:34.000000,control,old_page,0
604222,2017-01-16 11:29:20.000000,treatment,new_page,1
607704,2017-01-05 02:14:45.000000,treatment,new_page,0
602631,2017-01-14 14:44:26.000000,treatment,new_page,0
600012,2017-01-06 10:00:29.000000,treatment,new_page,0
611305,2017-01-08 08:22:32.000000,treatment,new_page,0
609282,2017-01-14 02:18:39.000000,control,old_page,0
608138,2017-01-04 11:56:56.000000,treatment,new_page,0
611461,2017-01-07 08:59:30.000000,treatment,new_page,1
602374,2017-01-05 05:36:57.000000,treatment,new_page,0
607247,2017-01-06 04:12:59.000000,treatment,new_page,0
600199,2017-01-13 15:21:09.000000,control,old_page,0
608479,2017-01-07 06:59:27.000000,control,old_page,0
604590,2017-01-07 21:32:43.000000,control,old_page,0
611602,2017-01-15 09:30:35.000000,control,old_page,0
610243,2017-01-09 21:39:01.000000,control,old_page,0
611573,2017-01-05 10:53:30.000000,treatment,new_page,0
607751,2017-01-05 16:45:56.000000,control,old_page,0
604000,2017-01-09 13:13:36.000000,treatment,new_page,1
607574,2017-01-15 12:54:11.000000,treatment,new_page,0
600104,2017-01-11 08:27:05.000000,treatment,new_page,0
604122,2017-01-07 10:43:51.000000,treatment,new_page,0
601742,2017-01-15 22:21:20.000000,control,old_page,1
609030,2017-01-04 11:11:09.000000,treatment,new_page,0
604815,2017-01-14 00:16:30.000000,control,old_page,0
606861,2017-01-12 09:48:43.000000,treatment,new_page,0
607615,2017-01-11 00:02:49.000000,treatment,new_page,0
603511,2017-01-07 15:40:00.000000,control,old_page,1
608080,2017-01-07 11:34:13.000000,control,old_page,0
608363,2017-01-11 08:03:11.000000,treatment,new_page,0
602179,2017-01-13 13:06:29.000000,treatment,new_page,1
603486,2017-01-06 18:40:34.000000,treatment,new_page,0
601849,2017-01-12 03:30:26.000000,control,old_page,0
601257,2017-01-10 01:10:29.000000,control,old_page,0
606408,2017-01-03 02:48:08.000000,control,old_page,0
603706,2017-01-04 10:24:02.000000,treatment,new_page,0
605587,2017-01-06 14:18:41.000000,treatment,new_page,0
602206,2017-01-06 21:15:08.000000,treatment,new_page,0
600159,2017-01-13 07:08:32.000000,treatment,new_page,0
609857,2017-01-16 07:56:02.000000,control,old_page,0
609579,2017-01-07 07:20:43.000000,control,old_page,0
608516,2017-01-09 14:28:44.000000,control,old_page,0
604640,2017-01-12 09:08:22.000000,control,old_page,0
605269,2017-01-07 13:21:24.000000,treatment,new_page,0
602361,2017-01-15 16:48:37.000000,control,old_page,0
607012,2017-01-15 22:25:41.000000,treatment,new_page,0
608760,2017-01-07 07:04:58.000000,control,old_page,0
600440,2017-01-05 11:31:10.000000,treatment,new_page,0
607977,2017-01-14 19:39:08.000000,control,old_page,1
600264,2017-01-09 07:17:52.000000,treatment,new_page,0
603057,2017-01-15 12:33:48.000000,control,old_page,0
605348,2017-01-06 22:14:20.000000,treatment,new_page,0
608648,2017-01-07 07:58:29.000000,control,old_page,0
611581,2017-01-06 01:06:34.000000,control,old_page,0
609425,2017-01-14 18:43:28.000000,treatment,new_page,0
605460,2017-01-14 02:56:32.000000,control,old_page,0
600374,2017-01-16 12:21:50.000000,control,old_page,1
610701,2017-01-02 13:20:50.000000,treatment,new_page,0
600500,2017-01-07 04:34:50.000000,control,old_page,0
608150,2017-01-03 01:29:29.000000,treatment,new_page,1
609211,2017-01-03 05:18:50.000000,treatment,new_page,0
601269,2017-01-15 22:09:27.000000,treatment,new_page,0
609691,2017-01-06 10:21:14.000000,treatment,new_page,0
604673,2017-01-11 02:28:09.000000,treatment,new_page,0
610059,2017-01-08 19:24:13.000000,treatment,new_page,0
608421,2017-01-13 04:29:43.000000,control,old_page,0
610133,2017-01-15 02:47:03.000000,treatment,new_page,0
607428,2017-01-12 17:30:20.000000,treatment,new_page,0
607978,2017-01-09 19:43:05.000000,control,old_page,0
600632,2017-01-14 10:14:10.000000,treatment,new_page,0
601725,2017-01-03 17:15:42.000000,treatment,new_page,0
605736,2017-01-03 12:27:57.000000,treatment,new_page,1
604982,2017-01-13 20:28:38.000000,control,old_page,0
608970,2017-01-02 19:45:03.000000,control,old_page,0
601454,2017-01-09 12:38:58.000000,control,old_page,0
601958,2017-01-12 23:13:57.000000,control,old_page,0
602540,2017-01-03 10:49:31.000000,control,old_page,0
601418,2017-01-05 05:01:07.000000,control,old_page,0
601880,2017-01-04 05:17:16.000000,treatment,new_page,0
601871,2017-01-11 09:38:13.000000,control,old_page,0
600573,2017-01-16 12:41:17.000000,control,old_page,0
609530,2017-01-02 18:24:08.000000,control,old_page,0
610935,2017-01-12 01:59:10.000000,control,old_page,0
601409,2017-01-15 06:23:14.000000,treatment,new_page,0
607475,2017-01-04 21:45:59.000000,control,old_page,0
601116,2017-01-09 20:25:59.000000,control,old_page,0
606162,2017-01-08 05:11:34.000000,control,old_page,1
604605,2017-01-06 15:59:40.000000,treatment,new_page,0
602580,2017-01-07 08:59:23.000000,control,old_page,0
600988,2017-01-10 01:49:32.000000,control,old_page,1
605787,2017-01-04 14:36:16.000000,control,old_page,0
605057,2017-01-09 19:29:00.000000,control,old_page,0
607984,2017-01-05 12:46:01.000000,control,old_page,0
611203,2017-01-16 02:23:23.000000,treatment,new_page,0
602413,2017-01-05 22:55:50.000000,control,old_page,1
610366,2017-01-11 07:34:38.000000,treatment,new_page,0
600678,2017-01-15 16:09:52.000000,control,old_page,1
602362,2017-01-03 21:43:12.000000,control,old_page,0
606299,2017-01-12 11:53:53.000000,control,old_page,0
603419,2017-01-03 07:58:08.000000,treatment,new_page,0
611608,2017-01-14 02:46:35.000000,treatment,new_page,0
602436,2017-01-04 08:41:31.000000,treatment,new_page,0
603720,2017-01-14 19:00:17.000000,control,old_page,0
601109,2017-01-08 18:05:11.000000,control,old_page,0
600275,2017-01-06 21:01:23.000000,treatment,new_page,0
608592,2017-01-13 16:19:54.000000,control,old_page,0
607190,2017-01-04 04:12:46.000000,control,old_page,0
602082,2017-01-10 21:14:34.000000,treatment,new_page,0
607082,2017-01-05 18:27:41.000000,control,old_page,0
609036,2017-01-15 00:26:59.000000,treatment,new_page,0
609740,2017-01-12 17:27:40.000000,treatment,new_page,0
601127,2017-01-06 00:38:22.000000,control,old_page,1
607000,2017-01-11 08:47:54.000000,control,old_page,0
608769,2017-01-13 23:15:58.000000,treatment,new_page,0
602024,2017-01-08 22:06:03.000000,control,old_page,0
611013,2017-01-11 17:00:19.000000,control,old_page,0
600792,2017-01-04 18:24:13.000000,treatment,new_page,0
605653,2017-01-10 22:07:23.000000,treatment,new_page,0
601336,2017-01-10 11:44:42.000000,treatment,new_page,0
603937,2017-01-07 00:10:26.000000,treatment,new_page,0
607039,2017-01-07 04:40:38.000000,control,old_page,0
609009,2017-01-05 06:03:36.000000,control,old_page,1
600982,2017-01-10 09:16:56.000000,treatment,new_page,0
604723,2017-01-07 12:30:41.000000,treatment,new_page,1
607950,2017-01-15 02:45:42.000000,control,old_page,1
603711,2017-01-16 02:18:18.000000,treatment,new_page,0
603432,2017-01-08 20:17:11.000000,control,old_page,0
610694,2017-01-15 20:29:44.000000,treatment,new_page,0
610451,2017-01-14 22:39:21.000000,treatment,new_page,0
611223,2017-01-05 03:02:19.000000,treatment,new_page,0
600724,2017-01-05 20:40:46.000000,treatment,new_page,0
608768,2017-01-09 04:43:04.000000,treatment,old_page,0
606580,2017-01-02 22:41:16.000000,treatment,new_page,0
602910,2017-01-06 18:09:31.000000,treatment,new_page,0
602270,2017-01-13 12:15:38.000000,control,old_page,0
604365,2017-01-08 05:07:03.000000,control,old_page,0
608604,2017-01-14 20:06:43.000000,control,old_page,1
604546,2017-01-04 16:16:33.000000,treatment,new_page,0
602585,2017-01-12 04:14:08.000000,treatment,new_page,0
609628,2017-01-13 14:49:24.000000,treatment,new_page,0
605360,2017-01-04 09:45:35.000000,control,old_page,0
606984,2017-01-06 03:38:21.000000,control,old_page,0
606229,2017-01-07 01:45:21.000000,control,old_page,0
606197,2017-01-02 18:38:22.000000,control,old_page,0
608153,2017-01-15 22:51:08.000000,control,old_page,0
605726,2017-01-05 16:22:20.000000,treatment,new_page,0
609105,2017-01-10 06:07:02.000000,treatment,new_page,0
606019,2017-01-07 05:47:19.000000,treatment,new_page,0
606807,2017-01-12 09:58:02.000000,control,old_page,0
603266,2017-01-11 01:11:29.000000,treatment,new_page,0
600527,2017-01-08 00:28:20.000000,treatment,new_page,0
608780,2017-01-06 20:03:22.000000,treatment,new_page,0
602142,2017-01-04 06:22:02.000000,treatment,new_page,0
602309,2017-01-07 18:04:52.000000,treatment,new_page,0
606736,2017-01-06 22:29:47.000000,control,old_page,0
610335,2017-01-16 12:12:52.000000,treatment,new_page,0
611589,2017-01-07 13:27:32.000000,control,old_page,0
604443,2017-01-05 11:36:22.000000,treatment,new_page,0
610564,2017-01-09 08:56:14.000000,control,old_page,0
601189,2017-01-09 23:32:48.000000,control,old_page,0
600326,2017-01-13 14:17:56.000000,control,old_page,0
601848,2017-01-07 06:54:54.000000,control,old_page,0
601603,2017-01-05 06:44:12.000000,control,old_page,0
609788,2017-01-08 16:40:57.000000,control,old_page,0
608888,2017-01-14 00:52:32.000000,treatment,new_page,0
606858,2017-01-08 02:15:53.000000,control,old_page,0
607111,2017-01-09 01:35:00.000000,control,old_page,0
608529,2017-01-10 18:58:19.000000,treatment,new_page,1
608750,2017-01-10 23:49:47.000000,control,old_page,0
606040,2017-01-11 11:51:32.000000,treatment,new_page,0
602629,2017-01-07 02:43:39.000000,control,old_page,0
601374,2017-01-07 08:57:34.000000,treatment,new_page,0
606130,2017-01-14 00:59:02.000000,control,old_page,0
606491,2017-01-03 22:36:55.000000,treatment,new_page,0
605762,2017-01-13 11:06:10.000000,treatment,new_page,0
607295,2017-01-03 15:08:28.000000,treatment,new_page,0
603030,2017-01-03 14:32:43.000000,control,old_page,0
604059,2017-01-12 21:46:36.000000,treatment,new_page,0
600661,2017-01-04 23:05:10.000000,treatment,new_page,0
602015,2017-01-15 21:14:19.000000,treatment,new_page,0
600829,2017-01-05 03:53:32.000000,control,old_page,0
605377,2017-01-05 16:20:04.000000,control,old_page,1
602161,2017-01-14 20:07:19.000000,control,old_page,0
607869,2017-01-12 00:47:21.000000,treatment,new_page,0
602294,2017-01-08 19:46:26.000000,treatment,new_page,1
600033,2017-01-07 05:00:58.000000,treatment,new_page,1
605362,2017-01-12 02:37:13.000000,control,old_page,0
607140,2017-01-06 00:05:28.000000,treatment,new_page,0
609693,2017-01-12 00:54:46.000000,treatment,new_page,0
605470,2017-01-11 07:08:23.000000,treatment,new_page,0
609637,2017-01-13 15:28:27.000000,treatment,new_page,0
611410,2017-01-12 15:05:25.000000,control,old_page,0
607507,2017-01-04 16:02:32.000000,treatment,new_page,1
606139,2017-01-08 05:32:20.000000,control,old_page,0
607918,2017-01-15 18:58:09.000000,control,old_page,0
603126,2017-01-13 03:03:38.000000,control,old_page,0
609845,2017-01-13 06:47:45.000000,treatment,new_page,0
604075,2017-01-12 14:32:26.000000,control,old_page,0
607005,2017-01-02 13:18:43.000000,control,old_page,0
600220,2017-01-04 18:46:03.000000,treatment,new_page,0
603040,2017-01-12 20:07:11.000000,treatment,new_page,0
603575,2017-01-12 13:32:02.000000,control,old_page,1
609069,2017-01-15 11:03:08.000000,treatment,new_page,0
609873,2017-01-10 08:22:55.000000,treatment,new_page,0
610057,2017-01-12 07:09:28.000000,control,old_page,0
606074,2017-01-04 07:57:05.000000,control,old_page,0
605686,2017-01-16 06:29:03.000000,treatment,new_page,0
607887,2017-01-07 19:36:04.000000,control,old_page,0
606024,2017-01-08 18:17:50.000000,control,old_page,0
606384,2017-01-13 10:30:35.000000,control,old_page,0
605091,2017-01-02 23:50:13.000000,treatment,new_page,0
603284,2017-01-08 16:45:06.000000,control,old_page,0
603790,2017-01-15 15:31:54.000000,treatment,new_page,0
606826,2017-01-06 16:28:03.000000,control,old_page,0
609209,2017-01-09 15:17:46.000000,treatment,new_page,0
611505,2017-01-10 15:26:38.000000,control,old_page,0
606636,2017-01-15 13:00:40.000000,control,old_page,0
607084,2017-01-07 15:19:04.000000,treatment,new_page,1
611728,2017-01-15 11:30:44.000000,control,old_page,0
608493,2017-01-14 07:05:10.000000,treatment,new_page,0
603983,2017-01-05 12:58:11.000000,control,old_page,0
602071,2017-01-04 01:53:34.000000,treatment,new_page,0
611727,2017-01-14 00:58:03.000000,control,old_page,0
601785,2017-01-02 22:07:17.000000,treatment,new_page,0
610605,2017-01-09 21:46:13.000000,control,old_page,0
606789,2017-01-06 00:26:44.000000,treatment,new_page,1
602903,2017-01-03 17:17:42.000000,treatment,new_page,0
603725,2017-01-13 07:04:23.000000,treatment,new_page,0
611374,2017-01-07 22:50:54.000000,control,old_page,0
600898,2017-01-04 18:27:09.000000,treatment,new_page,0
607170,2017-01-11 07:00:09.000000,treatment,new_page,0
604003,2017-01-13 16:10:43.000000,control,old_page,0
605208,2017-01-08 21:01:33.000000,treatment,new_page,0
601221,2017-01-11 10:45:49.000000,control,old_page,0
610114,2017-01-12 00:57:20.000000,control,old_page,0
605014,2017-01-16 10:20:11.000000,control,old_page,0
602626,2017-01-10 10:24:21.000000,treatment,old_page,0
607554,2017-01-12 00:25:52.000000,treatment,new_page,0
606959,2017-01-05 17:33:22.000000,control,old_page,1
607075,2017-01-07 21:21:18.000000,control,old_page,0
601928,2017-01-05 08:36:55.000000,treatment,new_page,0
602131,2017-01-07 12:40:50.000000,treatment,new_page,0
608050,2017-01-04 21:14:19.000000,treatment,new_page,0
610723,2017-01-14 03:42:40.000000,treatment,new_page,0
609762,2017-01-16 12:19:34.000000,control,old_page,0
609168,2017-01-15 12:10:37.000000,treatment,new_page,0
607142,2017-01-07 10:51:39.000000,control,old_page,0
611079,2017-01-05 18:03:54.000000,control,old_page,0
602668,2017-01-04 06:29:10.000000,control,old_page,0
605414,2017-01-15 08:09:43.000000,treatment,new_page,0
610139,2017-01-03 09:30:09.000000,treatment,new_page,1
602635,2017-01-12 08:41:45.000000,control,old_page,1
610779,2017-01-07 08:59:51.000000,control,old_page,0
600749,2017-01-11 18:57:48.000000,treatment,new_page,0
602176,2017-01-10 01:41:12.000000,treatment,new_page,0
605765,2017-01-04 17:01:47.000000,treatment,new_page,0
607892,2017-01-14 17:25:56.000000,treatment,new_page,0
601495,2017-01-10 08:05:37.000000,control,old_page,1
605368,2017-01-10 12:54:18.000000,treatment,new_page,0
611060,2017-01-06 19:29:41.000000,control,old_page,0
606753,2017-01-06 22:14:40.000000,treatment,new_page,0
600626,2017-01-09 05:55:32.000000,treatment,new_page,0
604782,2017-01-13 06:46:38.000000,control,old_page,0
610496,2017-01-05 13:11:08.000000,control,old_page,0
603787,2017-01-11 19:48:53.000000,control,old_page,0
606801,2017-01-11 17:44:58.000000,control,old_page,0
608048,2017-01-03 15:10:23.000000,control,old_page,0
610604,2017-01-03 18:08:36.000000,treatment,new_page,0
609704,2017-01-06 05:27:24.000000,control,old_page,0
606295,2017-01-14 12:28:38.000000,control,old_page,0
601084,2017-01-05 13:37:48.000000,control,old_page,0
607585,2017-01-12 00:39:27.000000,control,old_page,0
610668,2017-01-08 16:29:59.000000,treatment,new_page,0
608761,2017-01-10 01:48:56.000000,control,old_page,0
600386,2017-01-07 21:28:23.000000,control,old_page,0
607007,2017-01-09 11:12:33.000000,control,old_page,0
601923,2017-01-14 16:32:32.000000,control,old_page,0
604625,2017-01-13 12:33:58.000000,control,old_page,1
601674,2017-01-16 02:33:14.000000,control,old_page,0
605964,2017-01-15 02:19:26.000000,treatment,new_page,0
608684,2017-01-13 22:02:02.000000,treatment,new_page,1
609271,2017-01-04 18:13:14.000000,treatment,new_page,0
606906,2017-01-02 14:18:05.000000,treatment,new_page,0
604430,2017-01-02 23:55:52.000000,treatment,new_page,0
603196,2017-01-08 03:11:11.000000,control,old_page,0
603939,2017-01-06 12:24:44.000000,control,old_page,1
610097,2017-01-15 02:53:17.000000,treatment,new_page,0
605918,2017-01-05 13:40:48.000000,control,old_page,0
604272,2017-01-14 08:31:26.000000,treatment,new_page,0
602229,2017-01-08 10:18:55.000000,control,old_page,0
602187,2017-01-08 20:01:20.000000,control,old_page,0
605595,2017-01-14 15:20:01.000000,treatment,new_page,1
608140,2017-01-09 02:34:57.000000,treatment,new_page,1
602203,2017-01-08 02:03:18.000000,treatment,new_page,1
606384,2017-01-13 10:30:35.000000,control,old_page,0
604903,2017-01-07 17:40:22.000000,treatment,new_page,0
605811,2017-01-12 07:03:51.000000,treatment,new_page,0
602058,2017-01-05 18:17:52.000000,control,old_page,0
609743,2017-01-04 13:24:19.000000,control,old_page,0
600276,2017-01-05 04:08:56.000000,treatment,new_page,0
604221,2017-01-15 18:12:35.000000,treatment,new_page,0
609909,2017-01-03 05:03:53.000000,treatment,new_page,0
606785,2017-01-12 06:03:05.000000,control,old_page,0
611328,2017-01-12 15:13:17.000000,control,old_page,0
601993,2017-01-06 17:54:59.000000,treatment,new_page,0
608891,2017-01-10 17:49:42.000000,control,old_page,0
603218,2017-01-14 05:35:31.000000,control,old_page,0
610805,2017-01-13 03:09:28.000000,treatment,new_page,0
603003,2017-01-11 07:10:47.000000,control,old_page,0
611482,2017-01-08 12:19:38.000000,control,old_page,0
602768,2017-01-08 22:51:50.000000,control,old_page,1
600098,2017-01-06 06:02:07.000000,control,old_page,0
604603,2017-01-10 21:08:51.000000,control,old_page,0
600702,2017-01-09 12:33:27.000000,treatment,new_page,0
601114,2017-01-15 08:26:57.000000,control,old_page,0
607654,2017-01-12 23:08:09.000000,treatment,new_page,0
603751,2017-01-02 16:49:35.000000,control,old_page,0
607683,2017-01-16 12:24:13.000000,treatment,new_page,0
600088,2017-01-10 19:09:59.000000,control,old_page,0
611130,2017-01-09 17:05:36.000000,control,old_page,0
601774,2017-01-03 13:47:17.000000,control,old_page,0
609808,2017-01-10 05:23:40.000000,treatment,new_page,1
602453,2017-01-08 23:31:40.000000,treatment,new_page,0
601555,2017-01-04 12:41:34.000000,treatment,new_page,0
600745,2017-01-16 01:39:29.000000,control,old_page,0
610016,2017-01-12 21:20:56.000000,control,old_page,0
601645,2017-01-09 19:41:51.000000,control,old_page,0
601283,2017-01-09 04:52:45.000000,control,old_page,0
606667,2017-01-03 01:33:46.000000,treatment,new_page,0
602137,2017-01-14 13:17:34.000000,control,old_page,0
602680,2017-01-10 03:34:36.000000,treatment,new_page,1
606475,2017-01-11 14:22:21.000000,control,old_page,0
600825,2017-01-04 00:26:00.000000,treatment,new_page,0
602564,2017-01-14 07:13:06.000000,treatment,new_page,0
608483,2017-01-13 02:00:32.000000,control,old_page,0
611225,2017-01-08 13:54:01.000000,control,old_page,0
608533,2017-01-12 11:43:57.000000,control,old_page,0
609783,2017-01-06 22:17:14.000000,control,old_page,0
604462,2017-01-08 07:55:39.000000,control,old_page,1
608609,2017-01-13 12:27:59.000000,control,old_page,0
610458,2017-01-08 23:57:37.000000,control,old_page,0
608679,2017-01-15 14:15:04.000000,control,old_page,1
605027,2017-01-10 19:47:46.000000,control,old_page,0
609185,2017-01-08 20:27:38.000000,control,old_page,0
603603,2017-01-11 19:17:05.000000,treatment,new_page,0
605389,2017-01-11 23:19:09.000000,treatment,new_page,0
607807,2017-01-14 13:27:30.000000,control,old_page,0
610264,2017-01-14 11:28:30.000000,treatment,new_page,0
605163,2017-01-12 00:09:45.000000,treatment,new_page,0
602722,2017-01-05 12:44:49.000000,control,old_page,0
609900,2017-01-13 10:15:06.000000,treatment,new_page,1
601789,2017-01-04 09:49:09.000000,control,old_page,0
606042,2017-01-03 22:23:23.000000,control,old_page,0
607603,2017-01-15 19:20:57.000000,control,old_page,0
611575,2017-01-12 02:56:25.000000,control,old_page,0
604702,2017-01-10 11:05:14.000000,control,old_page,0
604681,2017-01-14 08:14:51.000000,treatment,new_page,0
607572,2017-01-08 08:38:53.000000,treatment,new_page,0
606463,2017-01-11 15:32:20.000000,treatment,new_page,0
610735,2017-01-04 22:05:35.000000,control,old_page,0
603510,2017-01-08 05:40:48.000000,treatment,new_page,0
603730,2017-01-10 10:07:29.000000,treatment,new_page,0
603504,2017-01-11 08:33:31.000000,treatment,new_page,0
601216,2017-01-13 07:36:48.000000,treatment,new_page,0
609932,2017-01-06 22:34:43.000000,control,old_page,0
602245,2017-01-14 11:37:39.000000,treatment,new_page,0
610229,2017-01-10 14:07:03.000000,treatment,new_page,0
605189,2017-01-09 20:16:48.000000,control,old_page,0
607750,2017-01-13 13:29:13.000000,treatment,new_page,0
607755,2017-01-15 00:06:52.000000,control,old_page,0
602504,2017-01-16 09:45:35.000000,treatment,new_page,0
610317,2017-01-13 01:13:22.000000,treatment,new_page,0
609456,2017-01-06 04:40:10.000000,control,old_page,0
605925,2017-01-11 05:26:45.000000,control,old_page,0
604149,2017-01-07 13:20:24.000000,treatment,new_page,0
603973,2017-01-13 12:07:59.000000,control,old_page,0
600068,2017-01-15 14:58:37.000000,control,old_page,0
602555,2017-01-08 01:47:41.000000,control,old_page,0
600823,2017-01-13 12:18:44.000000,treatment,new_page,0
609811,2017-01-11 19:56:12.000000,control,old_page,0
603995,2017-01-06 11:26:38.000000,treatment,new_page,0
611220,2017-01-03 18:52:35.000000,treatment,new_page,0
607866,2017-01-08 23:33:13.000000,treatment,new_page,0
601613,2017-01-03 08:33:34.000000,control,old_page,0
609942,2017-01-05 21:41:15.000000,treatment,new_page,0
610830,2017-01-02 18:09:35.000000,control,old_page,0
610680,2017-01-14 17:04:37.000000,treatment,new_page,0
609382,2017-01-03 23:33:16.000000,control,old_page,0
607184,2017-01-02 14:16:09.000000,treatment,new_page,0
602812,2017-01-02 20:12:01.000000,treatment,new_page,0
611612,2017-01-07 21:29:19.000000,control,old_page,0
604549,2017-01-12 16:57:37.000000,control,old_page,0
603777,2017-01-04 20:33:12.000000,treatment,new_page,0
601940,2017-01-10 06:46:41.000000,control,old_page,1
611466,2017-01-10 18:19:19.000000,control,old_page,0
609516,2017-01-13 01:54:36.000000,treatment,new_page,0
600076,2017-01-06 06:02:11.000000,treatment,new_page,0
601679,2017-01-05 09:20:29.000000,treatment,new_page,0
610491,2017-01-13 14:36:22.000000,control,old_page,0
604073,2017-01-13 19:48:55.000000,treatment,new_page,1
608570,2017-01-12 06:27:15.000000,control,old_page,0
600991,2017-01-09 12:14:04.000000,control,old_page,0
601461,2017-01-10 22:46:16.000000,treatment,new_page,0
607548,2017-01-16 00:44:30.000000,treatment,new_page,0
603748,2017-01-02 22:29:48.000000,treatment,new_page,0
611405,2017-01-08 12:04:12.000000,treatment,new_page,1
606181,2017-01-12 04:33:49.000000,control,old_page,0
608963,2017-01-12 08:37:22.000000,treatment,new_page,1
603552,2017-01-10 21:19:38.000000,control,old_page,0
607540,2017-01-03 08:02:03.000000,control,old_page,0
600255,2017-01-03 11:33:31.000000,treatment,new_page,0
604434,2017-01-12 00:57:59.000000,treatment,new_page,0
610051,2017-01-09 14:11:40.000000,control,old_page,0
607208,2017-01-11 21:03:41.000000,control,old_page,0
604147,2017-01-05 09:32:11.000000,control,old_page,0
607738,2017-01-02 20:38:51.000000,treatment,new_page,0
610509,2017-01-14 23:05:30.000000,control,old_page,0
609096,2017-01-16 09:28:59.000000,control,old_page,0
608181,2017-01-13 07:22:54.000000,treatment,new_page,0
604123,2017-01-14 06:10:18.000000,treatment,new_page,0
606288,2017-01-04 20:39:09.000000,control,old_page,0
608974,2017-01-12 19:05:56.000000,treatment,new_page,0
609737,2017-01-09 05:42:12.000000,treatment,new_page,0
601708,2017-01-11 18:16:21.000000,treatment,new_page,0
608959,2017-01-03 09:17:16.000000,control,old_page,0
603683,2017-01-15 22:15:11.000000,control,old_page,0
603444,2017-01-04 23:10:42.000000,treatment,new_page,0
605402,2017-01-12 19:08:42.000000,treatment,new_page,0
606627,2017-01-16 04:19:49.000000,treatment,new_page,0
605510,2017-01-14 08:10:27.000000,treatment,new_page,0
611691,2017-01-15 13:45:42.000000,treatment,new_page,0
606238,2017-01-04 05:45:57.000000,control,old_page,0
607158,2017-01-09 17:51:45.000000,control,old_page,0
608875,2017-01-02 17:36:03.000000,control,old_page,0
600694,2017-01-14 14:54:43.000000,treatment,new_page,0
605064,2017-01-08 23:27:50.000000,control,old_page,0
605221,2017-01-10 03:45:22.000000,treatment,new_page,1
609515,2017-01-04 23:17:33.000000,control,new_page,0
609459,2017-01-15 11:07:28.000000,control,old_page,0
601687,2017-01-10 00:40:08.000000,control,old_page,0
602020,2017-01-08 13:11:51.000000,control,old_page,0
604887,2017-01-05 13:06:53.000000,treatment,new_page,0
604254,2017-01-02 13:29:28.000000,treatment,new_page,0
606849,2017-01-06 23:39:58.000000,control,old_page,0
606488,2017-01-14 21:52:06.000000,treatment,new_page,0
606335,2017-01-05 00:52:53.000000,control,old_page,0
602885,2017-01-05 03:18:34.000000,control,old_page,0
601593,2017-01-15 13:58:32.000000,control,old_page,0
604409,2017-01-09 16:35:55.000000,control,old_page,0
603346,2017-01-10 23:46:48.000000,control,old_page,0
600084,2017-01-15 09:13:53.000000,control,old_page,0
605891,2017-01-09 04:02:30.000000,control,old_page,0
601616,2017-01-15 15:25:58.000000,control,old_page,0
610324,2017-01-07 01:23:26.000000,control,new_page,0
600718,2017-01-12 03:34:24.000000,control,old_page,0
611249,2017-01-10 11:34:28.000000,treatment,new_page,0
605823,2017-01-03 23:19:11.000000,treatment,new_page,0
611735,2017-01-09 00:02:16.000000,treatment,new_page,0
607249,2017-01-15 08:15:42.000000,treatment,new_page,0
608510,2017-01-05 08:28:10.000000,control,old_page,0
601501,2017-01-03 10:49:32.000000,control,old_page,0
606514,2017-01-05 04:39:24.000000,treatment,new_page,0
609290,2017-01-13 14:47:14.000000,treatment,new_page,0
604677,2017-01-09 06:26:55.000000,control,old_page,0
611407,2017-01-08 19:24:30.000000,control,old_page,0
602194,2017-01-09 03:26:24.000000,treatment,new_page,0
604327,2017-01-09 22:08:02.000000,treatment,new_page,0
600420,2017-01-06 05:46:08.000000,control,old_page,0
601038,2017-01-10 20:04:24.000000,treatment,new_page,0
609374,2017-01-12 00:13:41.000000,treatment,new_page,0
601331,2017-01-13 10:54:31.000000,control,old_page,1
609169,2017-01-09 15:39:48.000000,treatment,new_page,0
608520,2017-01-04 00:25:13.000000,treatment,new_page,0
601852,2017-01-13 05:26:54.000000,control,old_page,0
603273,2017-01-04 13:49:38.000000,control,old_page,0
607610,2017-01-05 07:52:08.000000,treatment,new_page,1
600185,2017-01-04 04:54:59.000000,treatment,new_page,0
600538,2017-01-02 14:33:31.000000,control,old_page,0
603897,2017-01-12 16:06:51.000000,control,old_page,0
609585,2017-01-09 09:27:05.000000,treatment,new_page,1
605195,2017-01-10 05:46:23.000000,treatment,new_page,0
602935,2017-01-09 14:16:29.000000,treatment,new_page,0
601173,2017-01-13 05:09:54.000000,treatment,new_page,0
611233,2017-01-10 03:53:35.000000,treatment,new_page,1
605864,2017-01-09 13:30:00.000000,treatment,new_page,0
605110,2017-01-07 11:34:52.000000,treatment,new_page,0
602630,2017-01-12 08:24:15.000000,treatment,new_page,0
607595,2017-01-06 10:50:58.000000,control,old_page,1
609600,2017-01-11 21:17:46.000000,treatment,new_page,0
602145,2017-01-10 05:21:31.000000,control,old_page,0
610585,2017-01-07 17:51:48.000000,treatment,new_page,0
601308,2017-01-03 06:38:34.000000,control,old_page,0
602479,2017-01-13 19:54:57.000000,control,old_page,0
608984,2017-01-15 12:40:26.000000,treatment,new_page,1
604002,2017-01-07 11:10:10.000000,control,old_page,0
601311,2017-01-09 20:58:57.000000,control,old_page,0
605566,2017-01-04 02:05:16.000000,control,old_page,1
603614,2017-01-10 09:11:52.000000,control,old_page,0
603986,2017-01-04 14:41:40.000000,treatment,new_page,0
601053,2017-01-06 13:26:00.000000,treatment,new_page,1
603786,2017-01-08 01:04:21.000000,treatment,old_page,0
604810,2017-01-09 22:02:34.000000,control,old_page,0
602577,2017-01-03 22:34:13.000000,control,old_page,0
604439,2017-01-15 15:38:52.000000,control,old_page,0
601026,2017-01-05 16:07:11.000000,treatment,new_page,0
609464,2017-01-11 03:35:45.000000,treatment,new_page,0
609023,2017-01-11 14:10:08.000000,control,old_page,0
609686,2017-01-07 14:36:30.000000,treatment,new_page,0
607137,2017-01-03 14:28:49.000000,control,old_page,0
604091,2017-01-10 19:51:27.000000,control,old_page,0
608619,2017-01-08 14:37:03.000000,control,old_page,0
606416,2017-01-06 23:55:22.000000,control,new_page,1
602437,2017-01-10 17:52:13.000000,treatment,new_page,0
600552,2017-01-10 00:11:48.000000,treatment,new_page,0
602056,2017-01-03 23:32:11.000000,treatment,new_page,0
605970,2017-01-10 05:13:27.000000,control,old_page,0
607333,2017-01-11 22:48:47.000000,control,old_page,0
605936,2017-01-07 14:48:05.000000,control,old_page,0
601384,2017-01-05 22:25:41.000000,control,old_page,0
600892,2017-01-03 05:51:59.000000,control,old_page,0
607079,2017-01-03 11:46:19.000000,treatment,new_page,0
606312,2017-01-10 11:33:20.000000,treatment,new_page,0
608260,2017-01-08 23:05:33.000000,treatment,new_page,0
601484,2017-01-10 13:24:35.000000,treatment,new_page,1
607640,2017-01-07 09:20:44.000000,treatment,new_page,0
607696,2017-01-16 01:09:20.000000,treatment,new_page,0
603772,2017-01-10 10:08:48.000000,treatment,new_page,0
605726,2017-01-05 16:22:20.000000,treatment,new_page,0
600095,2017-01-14 16:36:45.000000,treatment,new_page,0
602750,2017-01-07 08:43:12.000000,treatment,new_page,0
603207,2017-01-06 13:54:03.000000,control,old_page,0
603547,2017-01-10 23:14:24.000000,control,old_page,0
611665,2017-01-04 09:25:46.000000,control,old_page,0
606006,2017-01-12 06:59:50.000000,control,old_page,0
611319,2017-01-10 09:29:55.000000,control,old_page,0
610659,2017-01-12 10:05:44.000000,control,old_page,0
611055,2017-01-08 04:02:32.000000,treatment,new_page,0
603975,2017-01-15 19:18:18.000000,control,old_page,0
606862,2017-01-04 09:40:37.000000,treatment,new_page,0
611336,2017-01-14 13:34:00.000000,treatment,new_page,0
611553,2017-01-14 11:59:27.000000,treatment,new_page,1
606386,2017-01-14 18:15:48.000000,treatment,new_page,0
606030,2017-01-04 00:14:19.000000,control,old_page,0
607896,2017-01-13 00:41:16.000000,treatment,new_page,1
600295,2017-01-14 20:25:12.000000,control,old_page,0
604455,2017-01-14 08:24:31.000000,control,old_page,0
604501,2017-01-12 07:11:13.000000,control,old_page,0
604765,2017-01-10 06:06:26.000000,treatment,new_page,0
608689,2017-01-08 00:40:18.000000,control,old_page,1
610877,2017-01-13 22:44:36.000000,treatment,new_page,0
601293,2017-01-06 06:49:28.000000,control,old_page,0
606212,2017-01-16 07:59:42.000000,treatment,new_page,0
602738,2017-01-12 18:10:31.000000,treatment,new_page,0
608933,2017-01-12 05:56:56.000000,treatment,new_page,0
604509,2017-01-09 04:33:16.000000,control,old_page,0
608404,2017-01-05 03:46:53.000000,treatment,new_page,1
607462,2017-01-14 15:56:53.000000,treatment,new_page,1
606521,2017-01-10 00:28:53.000000,control,old_page,0
608962,2017-01-13 19:50:13.000000,treatment,new_page,0
609018,2017-01-10 22:12:07.000000,treatment,new_page,0
608490,2017-01-11 18:32:06.000000,treatment,new_page,0
602718,2017-01-03 00:08:27.000000,control,old_page,0
607220,2017-01-11 00:30:34.000000,control,old_page,0
604902,2017-01-06 17:03:55.000000,treatment,new_page,0
602121,2017-01-11 20:42:53.000000,control,old_page,0
607063,2017-01-16 04:40:45.000000,treatment,new_page,0
602083,2017-01-04 23:00:23.000000,treatment,new_page,0
604740,2017-01-10 13:59:05.000000,treatment,new_page,0
604201,2017-01-09 09:25:36.000000,treatment,new_page,0
602200,2017-01-14 16:02:38.000000,treatment,new_page,0
605958,2017-01-10 09:09:38.000000,control,old_page,0
608837,2017-01-08 00:37:53.000000,treatment,new_page,0
611232,2017-01-06 11:37:52.000000,treatment,new_page,0
606556,2017-01-14 08:04:21.000000,control,old_page,0
610957,2017-01-15 12:47:23.000000,control,old_page,0
604013,2017-01-02 16:49:44.000000,control,old_page,0
608324,2017-01-10 21:25:30.000000,treatment,new_page,0
608382,2017-01-06 03:26:54.000000,treatment,new_page,0
600956,2017-01-04 16:20:21.000000,control,old_page,1
603197,2017-01-14 05:30:13.000000,treatment,new_page,0
602047,2017-01-09 13:32:55.000000,treatment,new_page,0
609569,2017-01-05 15:40:51.000000,control,old_page,0
609824,2017-01-09 17:33:04.000000,treatment,new_page,0
601252,2017-01-03 04:18:41.000000,control,old_page,0
609833,2017-01-12 08:43:05.000000,treatment,new_page,0
606708,2017-01-08 11:43:24.000000,control,old_page,0
611802,2017-01-03 03:06:06.000000,treatment,new_page,0
602723,2017-01-11 15:33:55.000000,treatment,new_page,0
604766,2017-01-11 07:20:07.000000,control,old_page,0
603318,2017-01-13 02:37:32.000000,control,old_page,0
607068,2017-01-02 18:09:43.000000,treatment,new_page,0
606552,2017-01-03 13:23:05.000000,control,old_page,0
608367,2017-01-12 16:59:52.000000,control,old_page,0
601639,2017-01-03 16:18:43.000000,treatment,new_page,0
607761,2017-01-05 00:27:24.000000,control,old_page,0
603033,2017-01-15 00:21:55.000000,control,old_page,1
607818,2017-01-06 16:10:03.000000,control,old_page,1
602282,2017-01-15 00:06:42.000000,control,old_page,0
609963,2017-01-03 05:06:33.000000,treatment,new_page,0
607508,2017-01-12 12:35:15.000000,control,old_page,0
604312,2017-01-10 21:07:48.000000,treatment,new_page,1
601737,2017-01-14 06:29:12.000000,treatment,new_page,1
609199,2017-01-09 14:38:49.000000,control,old_page,0
604807,2017-01-15 23:39:03.000000,control,old_page,0
607272,2017-01-07 00:00:33.000000,treatment,new_page,0
605657,2017-01-07 07:55:59.000000,treatment,new_page,1
604792,2017-01-10 16:23:39.000000,control,old_page,0
606448,2017-01-06 14:43:50.000000,control,old_page,0
609852,2017-01-14 06:31:37.000000,treatment,new_page,0
603091,2017-01-07 16:20:44.000000,control,old_page,0
609498,2017-01-15 01:52:51.000000,control,old_page,0
604578,2017-01-05 08:36:46.000000,control,old_page,0
611188,2017-01-12 21:41:38.000000,treatment,new_page,0
602178,2017-01-03 22:43:57.000000,control,old_page,0
609243,2017-01-16 08:42:15.000000,treatment,new_page,0
603449,2017-01-13 00:47:08.000000,treatment,new_page,0
602084,2017-01-05 13:22:24.000000,treatment,new_page,0
601534,2017-01-05 09:52:15.000000,control,old_page,0
608226,2017-01-08 21:56:11.000000,treatment,old_page,0
610769,2017-01-05 09:32:48.000000,treatment,new_page,0
609188,2017-01-13 11:21:47.000000,treatment,new_page,0
606985,2017-01-09 04:32:09.000000,treatment,new_page,0
609525,2017-01-03 15:25:46.000000,control,old_page,0
610557,2017-01-14 21:36:02.000000,treatment,new_page,0
604070,2017-01-14 11:54:16.000000,treatment,new_page,0
607597,2017-01-16 07:28:21.000000,treatment,new_page,0
608902,2017-01-12 06:27:13.000000,treatment,new_page,0
604650,2017-01-15 16:59:28.000000,treatment,new_page,0
604752,2017-01-04 18:52:26.000000,control,new_page,0
604401,2017-01-04 15:19:25.000000,treatment,new_page,0
608121,2017-01-05 05:35:20.000000,treatment,new_page,0
610649,2017-01-11 09:03:56.000000,control,old_page,0
603321,2017-01-04 11:37:35.000000,treatment,new_page,0
611497,2017-01-07 00:38:23.000000,treatment,new_page,0
600613,2017-01-13 17:48:46.000000,treatment,new_page,0
604494,2017-01-04 02:15:28.000000,treatment,new_page,1
611182,2017-01-09 21:27:28.000000,control,old_page,0
607663,2017-01-16 04:10:45.000000,control,old_page,0
608354,2017-01-09 15:43:22.000000,treatment,new_page,0
602289,2017-01-15 21:28:07.000000,control,old_page,0
607875,2017-01-05 12:37:48.000000,control,old_page,0
610511,2017-01-14 14:20:06.000000,control,old_page,1
600004,2017-01-12 18:47:14.000000,control,old_page,1
606458,2017-01-09 19:53:51.000000,treatment,new_page,0
609770,2017-01-10 23:19:10.000000,treatment,new_page,0
603906,2017-01-12 23:31:50.000000,treatment,new_page,0
609254,2017-01-04 04:08:43.000000,control,old_page,0
607872,2017-01-10 01:11:37.000000,control,old_page,0
600453,2017-01-15 14:30:30.000000,treatment,new_page,0
609154,2017-01-03 07:49:45.000000,treatment,new_page,0
606084,2017-01-10 18:57:28.000000,treatment,new_page,0
602409,2017-01-07 21:40:50.000000,treatment,new_page,1
607076,2017-01-06 16:40:41.000000,control,old_page,0
606354,2017-01-05 11:22:24.000000,control,old_page,1
603930,2017-01-03 04:11:43.000000,control,old_page,0
601591,2017-01-05 18:28:19.000000,treatment,new_page,0
611331,2017-01-06 03:18:50.000000,control,new_page,0
608787,2017-01-02 22:42:48.000000,control,old_page,0
606123,2017-01-11 15:01:32.000000,control,old_page,0
611539,2017-01-02 22:48:47.000000,control,old_page,0
605330,2017-01-03 09:53:28.000000,control,old_page,0
607050,2017-01-03 01:44:34.000000,control,old_page,0
611019,2017-01-16 05:09:04.000000,control,old_page,0
601857,2017-01-05 20:17:53.000000,control,old_page,0
609480,2017-01-07 19:32:56.000000,treatment,new_page,1
610202,2017-01-12 13:04:33.000000,control,old_page,0
608917,2017-01-07 09:44:42.000000,treatment,new_page,0
606550,2017-01-03 06:16:55.000000,treatment,new_page,0
607497,2017-01-06 19:25:08.000000,control,old_page,0
606090,2017-01-11 12:19:52.000000,treatment,new_page,0
605665,2017-01-14 23:04:13.000000,treatment,new_page,0
610673,2017-01-03 13:54:25.000000,control,old_page,0
607695,2017-01-09 05:00:32.000000,control,old_page,0
608797,2017-01-04 00:49:00.000000,control,old_page,0
600750,2017-01-08 05:12:40.000000,control,old_page,0
607546,2017-01-06 16:16:17.000000,treatment,new_page,0
600934,2017-01-06 19:20:58.000000,control,old_page,0
604644,2017-01-02 13:47:39.000000,treatment,new_page,1
603387,2017-01-11 02:57:02.000000,control,old_page,0
605545,2017-01-14 00:08:56.000000,treatment,new_page,0
607563,2017-01-08 20:35:42.000000,treatment,new_page,0
600303,2017-01-06 18:22:41.000000,treatment,new_page,0
610547,2017-01-03 00:13:02.000000,treatment,new_page,0
608033,2017-01-04 04:44:06.000000,treatment,new_page,0
610639,2017-01-03 03:13:17.000000,treatment,new_page,0
610316,2017-01-07 01:06:18.000000,control,old_page,0
605887,2017-01-10 20:35:58.000000,treatment,new_page,0
611364,2017-01-10 14:45:24.000000,control,old_page,0
605478,2017-01-03 04:37:15.000000,control,old_page,0
604885,2017-01-03 23:31:28.000000,control,old_page,0
606681,2017-01-12 02:23:20.000000,control,old_page,0
609493,2017-01-04 19:05:24.000000,treatment,new_page,0
602211,2017-01-12 17:18:01.000000,control,old_page,0
604360,2017-01-13 19:18:29.000000,control,old_page,0
601101,2017-01-10 16:19:14.000000,treatment,new_page,0
605391,2017-01-05 11:15:20.000000,control,old_page,0
608012,2017-01-13 07:55:40.000000,control,old_page,0
611381,2017-01-13 10:42:25.000000,control,old_page,1
600424,2017-01-11 11:53:49.000000,control,old_page,0
609170,2017-01-11 08:40:48.000000,control,old_page,0
605622,2017-01-11 07:44:55.000000,treatment,new_page,0
609419,2017-01-03 16:58:48.000000,treatment,new_page,1
606701,2017-01-03 19:34:02.000000,control,old_page,0
611825,2017-01-09 13:51:24.000000,treatment,new_page,0
609938,2017-01-11 22:42:23.000000,treatment,new_page,0
604242,2017-01-06 02:28:25.000000,treatment,new_page,0
611702,2017-01-08 02:35:38.000000,treatment,new_page,0
600999,2017-01-04 14:07:31.000000,treatment,new_page,0
607914,2017-01-09 22:40:23.000000,control,old_page,0
600787,2017-01-15 18:10:27.000000,treatment,new_page,0
610318,2017-01-04 11:15:38.000000,control,old_page,0
606797,2017-01-06 12:33:43.000000,control,old_page,0
606310,2017-01-12 04:04:46.000000,control,old_page,0
611653,2017-01-16 05:33:59.000000,control,old_page,0
608987,2017-01-06 04:36:24.000000,control,old_page,0
611524,2017-01-04 23:30:28.000000,treatment,old_page,0
611093,2017-01-15 21:34:55.000000,treatment,new_page,0
603678,2017-01-11 09:05:21.000000,treatment,new_page,0
610245,2017-01-06 12:06:14.000000,control,old_page,0
610363,2017-01-02 19:59:23.000000,treatment,new_page,0
603593,2017-01-10 13:23:01.000000,control,old_page,0
611086,2017-01-06 19:01:45.000000,treatment,new_page,0
603088,2017-01-15 19:57:24.000000,treatment,new_page,0
608467,2017-01-13 07:53:04.000000,treatment,new_page,0
608765,2017-01-09 05:10:14.000000,treatment,new_page,0
607324,2017-01-14 17:12:53.000000,treatment,new_page,0
609717,2017-01-11 19:14:27.000000,treatment,new_page,0
605291,2017-01-10 14:54:23.000000,treatment,new_page,0
606657,2017-01-07 18:39:26.000000,control,old_page,0
608105,2017-01-09 18:43:47.000000,control,old_page,0
602817,2017-01-16 06:08:36.000000,control,old_page,0
608919,2017-01-08 11:34:01.000000,control,old_page,0
608468,2017-01-05 20:42:08.000000,treatment,new_page,0
607418,2017-01-03 20:30:08.000000,control,old_page,1
600408,2017-01-06 22:51:53.000000,control,old_page,0
604056,2017-01-04 16:04:16.000000,control,old_page,0
600446,2017-01-14 10:33:47.000000,control,old_page,0
601563,2017-01-14 19:28:03.000000,control,old_page,0
601968,2017-01-15 08:24:58.000000,treatment,new_page,0
600187,2017-01-12 08:12:58.000000,control,old_page,0
606716,2017-01-04 17:12:08.000000,treatment,new_page,0
603561,2017-01-12 12:51:12.000000,treatment,new_page,0
606652,2017-01-10 07:29:40.000000,control,old_page,0
607477,2017-01-12 17:46:13.000000,treatment,new_page,0
607641,2017-01-13 10:47:47.000000,control,old_page,1
605246,2017-01-08 21:29:59.000000,treatment,new_page,0
602886,2017-01-12 01:52:43.000000,control,old_page,0
603307,2017-01-07 17:55:51.000000,treatment,new_page,0
608344,2017-01-03 18:57:39.000000,treatment,new_page,0
609438,2017-01-13 20:17:55.000000,control,old_page,0
609921,2017-01-12 10:10:38.000000,control,old_page,0
607239,2017-01-04 07:58:27.000000,control,old_page,0
606845,2017-01-08 14:07:04.000000,treatment,new_page,0
600466,2017-01-11 03:42:01.000000,treatment,new_page,0
607280,2017-01-12 08:59:16.000000,treatment,new_page,0
609218,2017-01-12 09:25:17.000000,control,old_page,0
605601,2017-01-08 11:54:25.000000,treatment,new_page,0
611361,2017-01-15 14:52:09.000000,treatment,new_page,0
606971,2017-01-04 13:07:35.000000,treatment,new_page,0
604004,2017-01-14 12:27:54.000000,control,old_page,0
601717,2017-01-13 17:27:08.000000,control,old_page,0
607004,2017-01-08 12:52:10.000000,control,old_page,1
611323,2017-01-10 04:22:39.000000,treatment,new_page,0
602157,2017-01-07 18:40:45.000000,control,old_page,1
609413,2017-01-08 17:45:24.000000,treatment,new_page,0
607969,2017-01-09 20:16:56.000000,treatment,new_page,0
606435,2017-01-06 19:46:52.000000,treatment,new_page,0
610593,2017-01-08 15:59:39.000000,control,old_page,1
608955,2017-01-06 04:49:00.000000,control,old_page,0
601859,2017-01-14 04:02:36.000000,control,old_page,0
610871,2017-01-11 12:15:41.000000,control,old_page,0
611665,2017-01-04 09:25:46.000000,control,old_page,0
603262,2017-01-12 22:53:06.000000,control,old_page,0
608407,2017-01-13 10:30:01.000000,treatment,new_page,0
601271,2017-01-13 01:01:06.000000,treatment,new_page,0
611285,2017-01-14 00:20:40.000000,treatment,new_page,0
611595,2017-01-12 13:49:31.000000,control,old_page,0
611525,2017-01-10 02:41:25.000000,treatment,new_page,0
610515,2017-01-04 18:30:43.000000,treatment,new_page,0
600174,2017-01-12 19:25:10.000000,treatment,new_page,0
610920,2017-01-08 12:05:31.000000,control,old_page,0
608071,2017-01-16 11:15:03.000000,treatment,new_page,0
608176,2017-01-09 15:20:33.000000,control,old_page,0
604796,2017-01-04 16:31:29.000000,control,old_page,0
601029,2017-01-16 02:35:44.000000,control,old_page,0
601981,2017-01-09 22:53:48.000000,control,old_page,0
608239,2017-01-15 03:17:19.000000,control,old_page,0
604018,2017-01-16 01:47:44.000000,treatment,new_page,0
604264,2017-01-06 18:01:07.000000,control,old_page,0
607708,2017-01-08 00:51:12.000000,control,old_page,0
602746,2017-01-05 09:35:07.000000,control,old_page,0
602224,2017-01-07 09:53:57.000000,control,old_page,0
602116,2017-01-06 12:36:17.000000,control,old_page,0
608063,2017-01-05 07:41:08.000000,control,old_page,0
601001,2017-01-13 04:00:45.000000,treatment,new_page,0
610308,2017-01-05 15:52:18.000000,treatment,new_page,1
606642,2017-01-15 03:46:37.000000,treatment,new_page,0
610024,2017-01-11 23:29:50.000000,control,old_page,0
600025,2017-01-05 13:42:59.000000,treatment,new_page,0
609341,2017-01-06 01:27:38.000000,control,old_page,0
604448,2017-01-13 16:45:33.000000,treatment,new_page,0
600181,2017-01-14 02:44:57.000000,treatment,new_page,0
611619,2017-01-14 21:55:13.000000,treatment,new_page,0
609537,2017-01-11 13:31:59.000000,treatment,new_page,0
606376,2017-01-10 14:25:52.000000,control,old_page,0
604919,2017-01-11 07:26:37.000000,treatment,new_page,0
602898,2017-01-14 18:42:58.000000,control,old_page,0
606109,2017-01-09 08:09:16.000000,treatment,new_page,0
609714,2017-01-08 04:15:19.000000,treatment,new_page,0
600725,2017-01-10 00:57:59.000000,treatment,new_page,1
608558,2017-01-02 20:56:47.000000,control,old_page,1
610864,2017-01-08 09:35:27.000000,treatment,new_page,0
605565,2017-01-06 18:46:43.000000,treatment,new_page,0
601465,2017-01-07 17:39:22.000000,control,old_page,0
608329,2017-01-03 07:59:26.000000,treatment,new_page,0
604891,2017-01-09 06:34:58.000000,treatment,new_page,0
611428,2017-01-04 13:30:25.000000,control,old_page,1
607797,2017-01-09 00:03:36.000000,control,old_page,0
608793,2017-01-15 01:47:24.000000,control,old_page,0
611342,2017-01-05 01:55:56.000000,control,old_page,0
607213,2017-01-07 20:46:16.000000,treatment,new_page,0
611718,2017-01-08 05:26:34.000000,treatment,new_page,0
609604,2017-01-06 11:18:17.000000,control,old_page,1
606073,2017-01-07 00:19:48.000000,treatment,new_page,1
610559,2017-01-06 05:41:43.000000,treatment,new_page,0
609027,2017-01-09 20:55:10.000000,control,old_page,1
605506,2017-01-15 23:54:20.000000,treatment,new_page,1
610054,2017-01-06 20:08:37.000000,treatment,new_page,0
607020,2017-01-11 13:28:05.000000,control,old_page,0
602803,2017-01-03 05:47:12.000000,treatment,new_page,0
604139,2017-01-04 15:43:31.000000,control,old_page,0
600335,2017-01-13 14:54:29.000000,control,old_page,0
604962,2017-01-11 04:26:30.000000,control,old_page,0
603908,2017-01-16 06:02:44.000000,treatment,new_page,0
608339,2017-01-15 14:58:16.000000,treatment,new_page,0
606671,2017-01-10 23:54:13.000000,treatment,new_page,0
610320,2017-01-14 02:18:56.000000,treatment,new_page,0
606342,2017-01-07 04:56:11.000000,treatment,new_page,1
601407,2017-01-08 01:33:12.000000,treatment,new_page,0
602984,2017-01-10 13:34:00.000000,control,old_page,0
606630,2017-01-04 16:55:38.000000,control,old_page,0
602838,2017-01-03 18:19:53.000000,treatment,new_page,0
610571,2017-01-10 15:51:07.000000,control,old_page,0
609264,2017-01-15 05:38:23.000000,control,old_page,0
611134,2017-01-13 01:27:48.000000,control,old_page,0
605351,2017-01-16 05:06:55.000000,treatment,new_page,0
610345,2017-01-08 15:11:19.000000,treatment,new_page,0
608411,2017-01-09 13:31:27.000000,treatment,new_page,0
608942,2017-01-03 04:40:05.000000,control,old_page,0
609590,2017-01-13 18:13:17.000000,treatment,new_page,0
606053,2017-01-13 21:16:53.000000,treatment,new_page,0
608977,2017-01-05 08:33:02.000000,treatment,new_page,0
604152,2017-01-05 23:27:46.000000,treatment,new_page,0
610033,2017-01-15 17:11:46.000000,control,old_page,0
611008,2017-01-10 08:37:30.000000,control,old_page,0
602120,2017-01-04 15:29:57.000000,treatment,new_page,0
605113,2017-01-06 10:32:49.000000,control,new_page,0
611416,2017-01-06 07:37:31.000000,treatment,new_page,0
603204,2017-01-03 14:08:00.000000,control,old_page,0
602372,2017-01-03 23:41:37.000000,control,old_page,0
607697,2017-01-12 02:07:47.000000,control,old_page,0
611115,2017-01-02 22:20:41.000000,control,old_page,0
602247,2017-01-09 08:00:36.000000,control,old_page,0
606599,2017-01-03 07:29:35.000000,control,old_page,0
607219,2017-01-14 01:04:55.000000,treatment,new_page,0
606058,2017-01-16 06:46:31.000000,treatment,new_page,0
610227,2017-01-15 10:05:23.000000,treatment,new_page,0
607824,2017-01-04 09:50:32.000000,control,old_page,0
602008,2017-01-09 15:09:16.000000,control,old_page,0
600163,2017-01-12 09:45:12.000000,control,old_page,0
610405,2017-01-14 08:53:50.000000,treatment,new_page,1
602293,2017-01-05 17:08:49.000000,control,new_page,0
602107,2017-01-05 01:07:09.000000,control,old_page,0
610049,2017-01-14 13:31:07.000000,control,old_page,0
608163,2017-01-08 07:44:39.000000,control,old_page,0
606158,2017-01-10 05:40:40.000000,control,old_page,1
609680,2017-01-14 02:36:29.000000,control,old_page,0
609047,2017-01-12 14:21:42.000000,treatment,new_page,0
605691,2017-01-08 05:13:13.000000,control,old_page,0
601758,2017-01-13 16:23:08.000000,treatment,new_page,0
610849,2017-01-03 23:45:43.000000,treatment,new_page,1
606570,2017-01-03 03:57:35.000000,treatment,new_page,0
605792,2017-01-03 19:48:05.000000,treatment,new_page,0
604845,2017-01-05 20:46:43.000000,treatment,new_page,0
610386,2017-01-05 23:46:09.000000,treatment,new_page,0
603079,2017-01-09 16:50:14.000000,treatment,new_page,0
608349,2017-01-13 05:54:40.000000,control,old_page,0
610093,2017-01-08 21:20:03.000000,control,old_page,1
605542,2017-01-12 15:50:21.000000,treatment,new_page,0
602908,2017-01-14 06:19:41.000000,treatment,new_page,0
600625,2017-01-14 21:04:18.000000,treatment,new_page,0
610685,2017-01-02 15:21:13.000000,control,old_page,0
603393,2017-01-11 04:24:03.000000,control,old_page,1
605265,2017-01-09 12:45:00.000000,treatment,new_page,0
609433,2017-01-16 11:20:08.000000,treatment,new_page,0
600513,2017-01-05 00:45:41.000000,treatment,new_page,0
606290,2017-01-06 09:00:07.000000,control,old_page,0
611488,2017-01-05 20:45:40.000000,treatment,new_page,0
604821,2017-01-11 07:44:24.000000,treatment,new_page,0
601745,2017-01-15 13:05:24.000000,treatment,new_page,1
610199,2017-01-13 22:55:48.000000,control,old_page,0
603619,2017-01-15 04:27:41.000000,control,old_page,0
607100,2017-01-08 18:07:24.000000,treatment,new_page,0
602093,2017-01-04 19:22:28.000000,treatment,new_page,0
610260,2017-01-06 16:17:56.000000,treatment,new_page,0
600580,2017-01-13 22:48:03.000000,control,old_page,0
607259,2017-01-13 13:38:48.000000,treatment,new_page,0
603253,2017-01-15 15:09:24.000000,treatment,new_page,0
603782,2017-01-11 19:16:00.000000,control,old_page,1
603654,2017-01-16 02:39:19.000000,control,old_page,0
606697,2017-01-06 02:59:11.000000,control,old_page,0
608170,2017-01-16 07:54:44.000000,control,old_page,0
600889,2017-01-16 01:19:27.000000,control,old_page,0
611193,2017-01-13 21:48:30.000000,treatment,new_page,0
602678,2017-01-04 12:04:33.000000,control,old_page,0
611808,2017-01-04 12:13:21.000000,control,old_page,0
601496,2017-01-16 11:27:24.000000,control,old_page,0
604595,2017-01-06 20:43:40.000000,control,old_page,0
610423,2017-01-12 22:54:32.000000,treatment,new_page,0
607033,2017-01-15 19:24:19.000000,treatment,new_page,0
606704,2017-01-13 01:43:09.000000,treatment,new_page,0
606101,2017-01-11 15:01:10.000000,control,old_page,0
605748,2017-01-02 14:12:54.000000,control,old_page,0
601625,2017-01-08 07:00:23.000000,control,old_page,0
603902,2017-01-15 16:21:41.000000,treatment,new_page,0
608186,2017-01-09 15:30:01.000000,treatment,old_page,0
606324,2017-01-09 16:21:06.000000,control,old_page,0
602930,2017-01-15 23:29:04.000000,treatment,new_page,0
605143,2017-01-05 22:52:56.000000,control,old_page,0
610531,2017-01-08 01:28:04.000000,control,old_page,0
602685,2017-01-14 10:11:57.000000,treatment,new_page,0
601375,2017-01-03 15:23:28.000000,control,old_page,0
604633,2017-01-09 22:34:48.000000,control,old_page,0
600003,2017-01-05 00:42:27.000000,treatment,new_page,0
602033,2017-01-11 01:15:26.000000,treatment,new_page,0
607390,2017-01-11 23:09:22.000000,treatment,new_page,0
600939,2017-01-04 06:59:13.000000,control,old_page,0
601235,2017-01-07 09:36:44.000000,control,old_page,0
608293,2017-01-15 15:49:47.000000,treatment,new_page,0
610469,2017-01-15 13:25:23.000000,control,old_page,0
602517,2017-01-07 10:37:35.000000,treatment,new_page,0
611798,2017-01-06 12:54:23.000000,treatment,new_page,0
605705,2017-01-04 12:44:15.000000,control,old_page,0
600950,2017-01-09 13:39:17.000000,control,old_page,1
606694,2017-01-09 14:34:02.000000,treatment,new_page,0
605741,2017-01-05 23:48:08.000000,treatment,new_page,0
611263,2017-01-03 12:01:06.000000,treatment,new_page,0
604876,2017-01-04 10:17:02.000000,control,old_page,0
604218,2017-01-13 00:09:43.000000,treatment,new_page,0
602484,2017-01-04 00:54:27.000000,control,old_page,0
602118,2017-01-12 12:50:18.000000,treatment,new_page,0
608746,2017-01-08 14:56:58.000000,treatment,new_page,0
604370,2017-01-09 13:14:01.000000,treatment,new_page,0
603863,2017-01-04 03:47:45.000000,control,old_page,0
601630,2017-01-07 21:46:00.000000,control,old_page,0
601068,2017-01-13 17:56:53.000000,treatment,new_page,0
602846,2017-01-16 10:49:01.000000,control,old_page,0
605568,2017-01-05 11:18:21.000000,treatment,new_page,0
602485,2017-01-04 14:55:41.000000,treatment,new_page,0
602433,2017-01-09 16:47:48.000000,control,old_page,0
602392,2017-01-11 17:25:28.000000,control,old_page,0
600804,2017-01-07 13:40:40.000000,treatment,new_page,0
603225,2017-01-14 22:33:55.000000,control,old_page,0
606563,2017-01-08 08:34:31.000000,treatment,new_page,0
608249,2017-01-10 17:37:36.000000,treatment,new_page,1
606457,2017-01-03 00:32:26.000000,treatment,new_page,0
604839,2017-01-15 00:20:56.000000,control,old_page,0
600259,2017-01-11 00:41:26.000000,control,old_page,0
603237,2017-01-14 18:48:38.000000,treatment,new_page,0
609507,2017-01-11 06:37:57.000000,control,old_page,0
609402,2017-01-05 22:49:41.000000,treatment,new_page,1
600797,2017-01-03 01:26:29.000000,control,old_page,0
607373,2017-01-10 03:42:42.000000,control,old_page,0
608549,2017-01-11 07:56:14.000000,treatment,new_page,0
610898,2017-01-08 08:28:09.000000,treatment,new_page,0
602002,2017-01-12 11:20:16.000000,treatment,new_page,0
600560,2017-01-03 12:13:14.000000,treatment,new_page,0
604691,2017-01-05 04:42:34.000000,control,old_page,1
605841,2017-01-12 10:08:21.000000,control,old_page,1
610110,2017-01-16 08:21:02.000000,control,old_page,0
607665,2017-01-15 08:09:09.000000,control,old_page,0
608866,2017-01-15 02:11:30.000000,treatment,new_page,0
606063,2017-01-14 13:54:02.000000,control,old_page,1
610970,2017-01-16 09:24:30.000000,treatment,new_page,0
611511,2017-01-09 06:04:53.000000,control,new_page,0
609778,2017-01-13 00:32:24.000000,treatment,new_page,1
606820,2017-01-14 10:13:24.000000,control,old_page,0
600219,2017-01-14 19:25:19.000000,control,old_page,0
610599,2017-01-13 15:44:13.000000,treatment,new_page,0
601691,2017-01-13 20:28:01.000000,control,old_page,0
607297,2017-01-11 04:45:47.000000,treatment,new_page,0
611485,2017-01-03 11:41:00.000000,treatment,new_page,1
608208,2017-01-09 06:55:39.000000,treatment,new_page,0
605009,2017-01-16 08:22:55.000000,treatment,new_page,0
610628,2017-01-12 04:34:59.000000,treatment,new_page,1
604898,2017-01-16 09:11:10.000000,control,new_page,0
608878,2017-01-04 23:22:30.000000,control,new_page,0
601727,2017-01-04 04:35:39.000000,treatment,new_page,1
605497,2017-01-03 18:39:51.000000,control,old_page,1
608738,2017-01-10 02:36:51.000000,treatment,new_page,0
600692,2017-01-04 11:00:08.000000,treatment,new_page,0
602018,2017-01-15 17:22:56.000000,treatment,new_page,0
610438,2017-01-09 08:25:16.000000,treatment,new_page,0
603476,2017-01-10 21:28:34.000000,control,old_page,0
607332,2017-01-11 06:53:58.000000,treatment,new_page,0
605410,2017-01-07 23:37:24.000000,treatment,new_page,0
605385,2017-01-11 19:10:34.000000,control,old_page,0
606095,2017-01-13 01:39:32.000000,treatment,new_page,1
600194,2017-01-16 06:16:06.000000,treatment,new_page,0
603328,2017-01-15 02:50:46.000000,control,old_page,1
603451,2017-01-14 00:32:05.000000,treatment,new_page,0
607810,2017-01-09 12:46:04.000000,treatment,new_page,0
602705,2017-01-04 03:01:56.000000,treatment,new_page,0
611082,2017-01-16 11:18:01.000000,treatment,new_page,0
610965,2017-01-09 10:33:05.000000,control,old_page,0
600597,2017-01-13 18:07:14.000000,control,old_page,0
601782,2017-01-15 17:20:17.000000,treatment,new_page,1
607686,2017-01-05 17:20:48.000000,treatment,new_page,0
605004,2017-01-09 21:32:10.000000,treatment,new_page,0
610166,2017-01-03 01:11:48.000000,control,old_page,0
605417,2017-01-13 21:45:26.000000,control,old_page,0
607141,2017-01-05 02:56:48.000000,treatment,new_page,0
602404,2017-01-03 07:51:51.000000,control,old_page,0
606420,2017-01-04 05:46:09.000000,treatment,new_page,1
607711,2017-01-15 14:09:01.000000,treatment,new_page,0
602190,2017-01-05 09:46:22.000000,treatment,new_page,1
609452,2017-01-12 00:09:39.000000,control,old_page,0
610809,2017-01-14 01:29:21.000000,control,old_page,0
605563,2017-01-11 06:00:30.000000,treatment,new_page,0
600642,2017-01-16 10:05:46.000000,control,old_page,0
603942,2017-01-07 12:09:57.000000,control,old_page,0
609015,2017-01-06 01:15:41.000000,treatment,new_page,0
600870,2017-01-03 18:58:10.000000,treatment,new_page,0
611546,2017-01-08 07:59:12.000000,treatment,new_page,1
607712,2017-01-08 20:16:44.000000,treatment,new_page,1
603606,2017-01-07 09:01:50.000000,control,old_page,0
600963,2017-01-10 18:46:50.000000,control,old_page,0
603442,2017-01-16 09:52:13.000000,control,old_page,0
607929,2017-01-11 03:19:58.000000,control,old_page,0
607520,2017-01-07 22:50:11.000000,treatment,new_page,0
600664,2017-01-13 22:29:53.000000,treatment,new_page,0
611197,2017-01-05 07:32:52.000000,control,old_page,0
604585,2017-01-08 03:01:17.000000,treatment,new_page,0
600788,2017-01-12 04:55:59.000000,control,old_page,0
600565,2017-01-08 14:50:59.000000,control,old_page,0
600292,2017-01-10 03:52:08.000000,treatment,new_page,0
610081,2017-01-04 06:05:00.000000,treatment,new_page,1
610085,2017-01-04 03:44:21.000000,control,old_page,0
604106,2017-01-15 04:32:49.000000,control,old_page,0
611866,2017-01-11 15:38:34.000000,treatment,new_page,0
609974,2017-01-04 21:29:11.000000,treatment,new_page,0
602369,2017-01-05 17:00:56.000000,control,old_page,0
608174,2017-01-09 09:37:26.000000,control,old_page,0
600970,2017-01-06 06:03:11.000000,treatment,new_page,0
600897,2017-01-16 06:54:21.000000,treatment,new_page,1
602475,2017-01-11 12:11:31.000000,control,old_page,1
606200,2017-01-10 18:57:38.000000,control,old_page,0
604716,2017-01-06 10:40:00.000000,treatment,new_page,0
609327,2017-01-07 15:30:14.000000,treatment,new_page,0
610211,2017-01-06 22:02:28.000000,treatment,new_page,1
601436,2017-01-15 11:34:08.000000,control,old_page,0
600652,2017-01-14 13:32:59.000000,treatment,new_page,0
600741,2017-01-05 22:59:48.000000,treatment,new_page,0
611842,2017-01-13 02:13:30.000000,control,old_page,1
604757,2017-01-07 07:00:45.000000,control,old_page,0
607352,2017-01-04 16:58:47.000000,control,old_page,0
610615,2017-01-05 11:05:39.000000,treatment,new_page,0
606329,2017-01-06 06:25:05.000000,control,old_page,0
610406,2017-01-04 03:58:32.000000,treatment,new_page,0
608165,2017-01-12 13:37:41.000000,treatment,new_page,0
600080,2017-01-04 02:00:27.000000,control,old_page,0
600011,2017-01-12 17:23:16.000000,control,old_page,0
602741,2017-01-05 20:54:12.000000,control,old_page,0
609183,2017-01-13 15:56:43.000000,treatment,new_page,0
605895,2017-01-05 18:54:03.000000,treatment,new_page,1
602044,2017-01-15 14:51:19.000000,control,old_page,0
610197,2017-01-11 15:20:47.000000,treatment,new_page,0
611777,2017-01-15 17:42:39.000000,treatment,new_page,0
610441,2017-01-07 06:13:59.000000,treatment,new_page,0
600484,2017-01-12 08:34:50.000000,treatment,new_page,0
607675,2017-01-14 12:44:15.000000,control,old_page,0
603348,2017-01-07 06:19:08.000000,control,old_page,0
606270,2017-01-03 11:46:06.000000,treatment,new_page,0
610384,2017-01-13 19:04:49.000000,treatment,new_page,0
603822,2017-01-12 13:55:44.000000,control,old_page,0
609443,2017-01-13 13:30:05.000000,treatment,new_page,0
609747,2017-01-08 10:24:31.000000,treatment,new_page,0
607199,2017-01-12 14:08:24.000000,treatment,new_page,0
602963,2017-01-07 23:40:06.000000,treatment,new_page,0
601844,2017-01-04 09:48:35.000000,control,old_page,0
606648,2017-01-14 16:10:25.000000,treatment,new_page,0
604849,2017-01-12 13:00:15.000000,control,old_page,0
603289,2017-01-11 10:00:11.000000,treatment,new_page,0
609499,2017-01-14 09:55:34.000000,treatment,new_page,0
602352,2017-01-03 05:25:53.000000,treatment,new_page,0
610312,2017-01-10 19:43:31.000000,treatment,new_page,0
603104,2017-01-03 20:41:00.000000,treatment,old_page,0
601486,2017-01-02 16:01:06.000000,treatment,new_page,0
609163,2017-01-08 20:28:40.000000,treatment,old_page,0
604121,2017-01-15 06:53:35.000000,control,old_page,1
607008,2017-01-13 00:01:18.000000,control,new_page,0
603860,2017-01-03 14:19:48.000000,control,old_page,1
606506,2017-01-15 03:04:10.000000,treatment,old_page,0
611045,2017-01-11 09:22:42.000000,control,old_page,0
610852,2017-01-12 02:53:16.000000,control,old_page,0
609370,2017-01-09 04:35:42.000000,control,old_page,0
601808,2017-01-13 11:27:52.000000,control,old_page,0
608395,2017-01-15 00:56:57.000000,treatment,new_page,0
610167,2017-01-13 16:55:47.000000,control,old_page,0
608213,2017-01-02 23:58:48.000000,treatment,new_page,0
601186,2017-01-09 16:07:52.000000,control,old_page,1
605191,2017-01-09 18:15:41.000000,control,old_page,0
609906,2017-01-04 03:06:20.000000,treatment,new_page,0
605944,2017-01-06 16:18:36.000000,treatment,new_page,0
606904,2017-01-09 13:58:29.000000,control,old_page,0
600179,2017-01-14 08:30:23.000000,control,old_page,0
611105,2017-01-06 14:13:25.000000,treatment,new_page,0
610148,2017-01-11 22:18:29.000000,control,old_page,0
600866,2017-01-10 13:01:57.000000,treatment,new_page,0
607718,2017-01-11 18:06:27.000000,control,old_page,0
604940,2017-01-05 10:26:57.000000,control,old_page,0
610677,2017-01-16 11:12:00.000000,control,old_page,0
604615,2017-01-06 03:46:52.000000,treatment,new_page,0
611023,2017-01-03 01:44:44.000000,control,old_page,0
604670,2017-01-07 15:12:49.000000,treatment,new_page,0
606762,2017-01-06 16:57:57.000000,control,old_page,0
610925,2017-01-13 16:25:58.000000,treatment,new_page,0
601125,2017-01-15 13:16:26.000000,control,old_page,0
603277,2017-01-08 19:10:56.000000,control,old_page,0
608082,2017-01-10 19:28:43.000000,control,old_page,0
610656,2017-01-15 21:59:41.000000,treatment,new_page,0
601820,2017-01-11 23:58:16.000000,control,old_page,1
608275,2017-01-08 19:17:59.000000,treatment,new_page,0
606690,2017-01-06 12:21:32.000000,treatment,new_page,0
604384,2017-01-12 00:51:48.000000,control,old_page,0
611250,2017-01-04 12:49:25.000000,control,old_page,0
607234,2017-01-11 13:31:18.000000,control,old_page,1
604931,2017-01-07 02:58:30.000000,treatment,new_page,0
601827,2017-01-16 00:09:34.000000,treatment,new_page,1
609587,2017-01-08 15:01:34.000000,control,old_page,0
610375,2017-01-09 19:54:23.000000,treatment,new_page,0
609849,2017-01-08 11:55:39.000000,treatment,new_page,0
606752,2017-01-05 13:17:14.000000,treatment,new_page,0
600348,2017-01-06 09:42:58.000000,treatment,new_page,0
604173,2017-01-13 08:43:06.000000,treatment,new_page,0
605302,2017-01-14 18:27:13.000000,control,old_page,0
607491,2017-01-13 14:38:16.000000,control,old_page,0
606951,2017-01-10 10:15:38.000000,treatment,new_page,0
608496,2017-01-08 04:05:15.000000,treatment,new_page,0
601765,2017-01-03 21:41:21.000000,treatment,new_page,0
611358,2017-01-13 14:01:44.000000,treatment,new_page,0
608124,2017-01-03 06:27:48.000000,control,old_page,0
604949,2017-01-12 08:30:55.000000,control,new_page,0
604213,2017-01-04 03:28:57.000000,control,old_page,0
611676,2017-01-13 06:03:53.000000,treatment,new_page,0
610135,2017-01-10 08:22:42.000000,control,old_page,0
603512,2017-01-14 00:39:02.000000,treatment,new_page,1
610027,2017-01-03 21:06:25.000000,treatment,new_page,1
610240,2017-01-13 09:10:23.000000,control,old_page,0
600200,2017-01-02 18:25:35.000000,control,old_page,0
609248,2017-01-08 02:02:09.000000,treatment,new_page,0
606896,2017-01-15 00:14:34.000000,control,old_page,1
608047,2017-01-10 23:46:48.000000,treatment,new_page,0
601713,2017-01-10 17:38:43.000000,control,old_page,0
611375,2017-01-08 02:40:39.000000,treatment,new_page,0
602995,2017-01-07 00:06:41.000000,treatment,new_page,0
607954,2017-01-04 21:44:20.000000,treatment,new_page,0
604417,2017-01-11 19:59:47.000000,control,old_page,0
607384,2017-01-02 17:37:37.000000,control,old_page,1
608106,2017-01-15 15:53:10.000000,control,old_page,0
608190,2017-01-10 22:55:47.000000,treatment,new_page,0
603993,2017-01-10 16:15:50.000000,treatment,new_page,0
602703,2017-01-05 00:49:54.000000,control,old_page,0
607442,2017-01-06 10:36:29.000000,treatment,new_page,0
606399,2017-01-07 10:40:49.000000,control,old_page,0
602793,2017-01-05 18:11:36.000000,treatment,new_page,1
608862,2017-01-09 01:40:29.000000,control,old_page,0
606903,2017-01-08 14:29:55.000000,treatment,new_page,0
603805,2017-01-13 02:06:33.000000,treatment,new_page,0
602655,2017-01-06 22:31:09.000000,control,old_page,0
609151,2017-01-05 05:45:13.000000,treatment,new_page,0
602154,2017-01-04 07:31:14.000000,control,old_page,1
605401,2017-01-14 02:32:46.000000,control,old_page,0
607855,2017-01-11 06:22:38.000000,control,old_page,1
600357,2017-01-09 11:26:55.000000,control,old_page,0
605089,2017-01-15 01:13:27.000000,control,old_page,0
609331,2017-01-06 08:32:11.000000,control,new_page,0
605608,2017-01-11 07:05:24.000000,treatment,new_page,0
601451,2017-01-10 05:41:22.000000,control,old_page,0
607833,2017-01-04 23:14:59.000000,control,old_page,0
604844,2017-01-15 12:19:20.000000,treatment,new_page,0
601927,2017-01-05 01:54:15.000000,control,new_page,0
605824,2017-01-03 23:04:47.000000,control,old_page,1
606853,2017-01-14 17:34:11.000000,control,old_page,0
600261,2017-01-07 22:51:44.000000,control,old_page,0
608554,2017-01-12 03:24:38.000000,treatment,new_page,0
607624,2017-01-12 01:50:15.000000,control,old_page,0
604953,2017-01-09 07:14:55.000000,treatment,new_page,0
600650,2017-01-11 21:54:25.000000,treatment,new_page,0
606882,2017-01-05 13:38:17.000000,control,old_page,0
606928,2017-01-12 12:15:40.000000,control,old_page,0
604907,2017-01-11 10:28:48.000000,treatment,new_page,0
611283,2017-01-03 07:39:39.000000,control,old_page,0
609488,2017-01-07 14:30:33.000000,control,old_page,0
601751,2017-01-08 09:22:28.000000,control,old_page,0
610998,2017-01-13 08:54:36.000000,control,old_page,1
610892,2017-01-08 15:33:48.000000,treatment,new_page,0
602733,2017-01-11 18:30:49.000000,control,old_page,0
610034,2017-01-15 12:14:51.000000,control,old_page,0
609880,2017-01-14 02:08:14.000000,treatment,new_page,1
611397,2017-01-11 23:37:27.000000,treatment,new_page,0
610271,2017-01-11 03:38:04.000000,treatment,new_page,0
611790,2017-01-15 02:43:50.000000,control,old_page,0
601320,2017-01-06 00:41:35.000000,control,old_page,0
602334,2017-01-10 06:45:34.000000,treatment,new_page,1
610845,2017-01-11 07:43:07.000000,treatment,new_page,0
602173,2017-01-04 11:02:00.000000,treatment,new_page,0
602382,2017-01-13 03:29:39.000000,treatment,new_page,0
610466,2017-01-09 03:53:34.000000,treatment,new_page,0
609697,2017-01-07 05:38:49.000000,control,old_page,0
607589,2017-01-04 07:51:39.000000,control,old_page,0
606989,2017-01-02 23:17:18.000000,treatment,new_page,1
603807,2017-01-14 05:09:27.000000,treatment,old_page,0
610813,2017-01-07 07:28:46.000000,control,old_page,0
606164,2017-01-09 06:01:45.000000,treatment,new_page,1
609435,2017-01-04 07:34:27.000000,treatment,new_page,0
611454,2017-01-04 03:58:20.000000,treatment,new_page,0
603624,2017-01-05 06:47:08.000000,control,old_page,0
601248,2017-01-07 10:04:46.000000,treatment,new_page,0
606942,2017-01-07 03:25:50.000000,control,old_page,0
604049,2017-01-15 08:01:49.000000,control,old_page,0
601821,2017-01-10 00:34:43.000000,control,old_page,0
603052,2017-01-08 19:40:24.000000,control,old_page,0
606979,2017-01-14 17:37:50.000000,treatment,new_page,0
611720,2017-01-07 14:47:33.000000,control,old_page,0
604690,2017-01-12 00:35:20.000000,treatment,new_page,0
607108,2017-01-15 21:54:34.000000,control,old_page,0
604457,2017-01-05 22:31:21.000000,control,old_page,1
609581,2017-01-08 00:23:36.000000,treatment,new_page,0
606583,2017-01-13 07:49:37.000000,control,old_page,0
601800,2017-01-13 03:37:20.000000,control,old_page,1
603636,2017-01-03 23:49:17.000000,control,old_page,0
606422,2017-01-07 11:58:00.000000,control,old_page,0
610833,2017-01-08 10:57:05.000000,treatment,new_page,0
601075,2017-01-05 21:37:22.000000,treatment,new_page,1
605598,2017-01-10 15:55:22.000000,treatment,new_page,0
610434,2017-01-08 04:59:15.000000,treatment,new_page,0
609299,2017-01-14 06:31:50.000000,treatment,new_page,0
608296,2017-01-05 04:35:32.000000,control,old_page,0
608264,2017-01-14 04:44:28.000000,treatment,new_page,0
608922,2017-01-02 15:52:49.000000,control,old_page,0
611494,2017-01-12 10:01:10.000000,control,old_page,0
607349,2017-01-06 11:03:52.000000,control,old_page,0
609278,2017-01-04 22:14:47.000000,treatment,new_page,0
607415,2017-01-03 07:14:49.000000,treatment,new_page,0
607851,2017-01-11 05:04:50.000000,control,old_page,0
611812,2017-01-03 22:20:56.000000,treatment,new_page,0
610163,2017-01-11 23:17:22.000000,treatment,new_page,0
603650,2017-01-08 15:02:28.000000,treatment,new_page,0
608037,2017-01-13 23:48:56.000000,treatment,new_page,0
609545,2017-01-03 06:27:52.000000,control,old_page,0
610607,2017-01-04 21:38:31.000000,control,old_page,0
604591,2017-01-13 02:54:35.000000,control,old_page,0
609895,2017-01-04 02:39:57.000000,treatment,new_page,0
607025,2017-01-11 20:43:29.000000,control,old_page,1
607655,2017-01-07 18:21:13.000000,treatment,new_page,0
609373,2017-01-14 04:26:07.000000,treatment,new_page,0
605125,2017-01-09 03:51:58.000000,control,old_page,0
607674,2017-01-10 06:07:19.000000,treatment,new_page,0
607646,2017-01-08 16:25:12.000000,treatment,new_page,0
607030,2017-01-05 11:06:41.000000,control,old_page,0
608638,2017-01-08 06:19:41.000000,control,old_page,0
607320,2017-01-04 10:52:36.000000,treatment,new_page,1
609234,2017-01-10 01:11:06.000000,control,old_page,0
604893,2017-01-14 16:38:26.000000,treatment,new_page,0
602063,2017-01-12 14:18:12.000000,control,old_page,1
609885,2017-01-08 01:43:02.000000,treatment,new_page,0
607146,2017-01-06 12:02:18.000000,control,old_page,0
611510,2017-01-07 16:40:47.000000,treatment,new_page,1
605562,2017-01-09 21:53:24.000000,control,old_page,0
608742,2017-01-06 00:14:09.000000,treatment,new_page,0
600183,2017-01-03 22:08:05.000000,treatment,new_page,1
602238,2017-01-10 16:09:42.000000,control,old_page,0
607044,2017-01-10 23:20:23.000000,treatment,new_page,0
603527,2017-01-05 14:38:24.000000,control,old_page,0
603569,2017-01-15 01:56:49.000000,treatment,new_page,0
609836,2017-01-15 11:23:40.000000,control,old_page,0
600768,2017-01-05 20:01:48.000000,control,old_page,0
608654,2017-01-14 08:48:38.000000,control,old_page,0
607129,2017-01-12 02:38:11.000000,treatment,new_page,0
606936,2017-01-05 04:19:09.000000,treatment,new_page,0
604486,2017-01-05 17:02:37.000000,control,new_page,0
606249,2017-01-05 16:41:27.000000,treatment,new_page,0
600559,2017-01-09 03:35:41.000000,treatment,new_page,0
610064,2017-01-10 01:26:10.000000,control,new_page,0
607424,2017-01-04 05:20:46.000000,control,old_page,1
611390,2017-01-03 18:49:25.000000,control,old_page,0
608482,2017-01-15 01:46:12.000000,treatment,new_page,0
608462,2017-01-12 21:27:20.000000,treatment,new_page,0
605538,2017-01-13 21:54:07.000000,control,old_page,0
604517,2017-01-03 12:42:31.000000,control,old_page,0
611678,2017-01-07 20:16:05.000000,control,old_page,1
601245,2017-01-15 16:50:15.000000,control,old_page,0
600629,2017-01-14 20:46:43.000000,control,old_page,1
601529,2017-01-02 16:58:43.000000,control,old_page,0
608850,2017-01-15 14:22:40.000000,treatment,new_page,0
607552,2017-01-03 19:02:53.000000,treatment,new_page,0
604573,2017-01-06 19:27:43.000000,control,old_page,1
607889,2017-01-03 18:04:12.000000,control,new_page,0
602872,2017-01-14 00:37:13.000000,treatment,new_page,0
602600,2017-01-09 01:45:09.000000,treatment,new_page,0
600542,2017-01-09 14:40:15.000000,control,old_page,0
611476,2017-01-14 00:47:34.000000,control,old_page,0
601684,2017-01-09 09:53:38.000000,control,old_page,0
606508,2017-01-12 21:40:14.000000,control,old_page,0
610887,2017-01-05 20:57:50.000000,control,old_page,1
609005,2017-01-03 02:42:26.000000,treatment,new_page,0
611275,2017-01-13 18:19:50.000000,treatment,new_page,0
611117,2017-01-13 11:06:33.000000,treatment,new_page,0
608162,2017-01-11 01:55:55.000000,control,old_page,0
610536,2017-01-03 03:06:43.000000,control,old_page,0
605879,2017-01-04 05:44:24.000000,control,old_page,0
602922,2017-01-13 12:48:06.000000,treatment,new_page,0
603679,2017-01-15 14:57:53.000000,treatment,new_page,0
604192,2017-01-08 19:19:35.000000,treatment,new_page,0
602375,2017-01-11 14:37:56.000000,treatment,old_page,0
609541,2017-01-06 17:26:30.000000,control,old_page,0
605476,2017-01-05 06:11:37.000000,treatment,new_page,0
606499,2017-01-13 14:19:51.000000,treatment,new_page,0
609715,2017-01-15 16:18:23.000000,treatment,new_page,0
600059,2017-01-10 04:18:47.000000,control,old_page,0
606810,2017-01-10 15:17:16.000000,treatment,new_page,0
610917,2017-01-06 23:39:02.000000,treatment,new_page,0
603739,2017-01-11 06:43:12.000000,treatment,new_page,0
602978,2017-01-09 16:22:15.000000,control,old_page,0
601422,2017-01-06 05:12:54.000000,control,old_page,0
600482,2017-01-13 10:04:50.000000,treatment,new_page,1
609153,2017-01-08 11:38:35.000000,control,old_page,0
603581,2017-01-09 03:31:46.000000,treatment,new_page,0
611711,2017-01-06 12:42:30.000000,control,old_page,1
610175,2017-01-13 07:35:10.000000,treatment,new_page,0
611803,2017-01-10 08:52:04.000000,control,old_page,0
602586,2017-01-08 09:56:20.000000,control,old_page,0
607614,2017-01-09 00:52:58.000000,control,old_page,0
601766,2017-01-14 16:11:19.000000,treatment,new_page,0
610999,2017-01-12 10:59:19.000000,treatment,new_page,0
607883,2017-01-16 02:08:26.000000,treatment,new_page,0
606900,2017-01-11 17:50:19.000000,control,old_page,0
609322,2017-01-15 09:58:48.000000,control,old_page,0
605177,2017-01-14 01:50:12.000000,treatment,new_page,0
605976,2017-01-03 05:14:13.000000,control,old_page,0
610354,2017-01-14 12:43:51.000000,control,old_page,0
607679,2017-01-05 10:28:24.000000,control,old_page,0
605981,2017-01-10 15:44:43.000000,treatment,new_page,0
611598,2017-01-09 07:43:13.000000,control,old_page,0
607015,2017-01-11 07:31:19.000000,treatment,new_page,0
605328,2017-01-03 20:00:15.000000,control,old_page,1
602259,2017-01-08 06:55:46.000000,control,old_page,0
606756,2017-01-16 04:40:40.000000,control,old_page,0
606274,2017-01-10 23:00:54.000000,treatment,new_page,0
605244,2017-01-08 02:13:53.000000,treatment,new_page,0
610010,2017-01-12 02:37:45.000000,treatment,new_page,0
600615,2017-01-14 15:19:29.000000,treatment,new_page,0
604346,2017-01-10 20:43:24.000000,treatment,new_page,0
604157,2017-01-08 11:37:15.000000,control,old_page,0
610938,2017-01-14 13:23:26.000000,control,old_page,0
603129,2017-01-14 04:35:36.000000,control,old_page,0
602683,2017-01-07 14:58:26.000000,treatment,new_page,0
609385,2017-01-15 14:20:49.000000,control,old_page,0
602175,2017-01-15 13:28:11.000000,control,old_page,0
601208,2017-01-11 07:58:04.000000,control,old_page,0
602609,2017-01-09 05:25:10.000000,control,old_page,0
609104,2017-01-09 07:27:33.000000,control,old_page,0
603934,2017-01-05 19:06:40.000000,treatment,new_page,0
600861,2017-01-16 01:06:34.000000,control,old_page,0
605590,2017-01-06 08:28:41.000000,treatment,new_page,0
608385,2017-01-12 16:52:01.000000,control,old_page,0
601909,2017-01-04 22:26:32.000000,control,old_page,0
604709,2017-01-09 23:32:46.000000,control,old_page,0
600317,2017-01-04 14:23:49.000000,control,old_page,0
609319,2017-01-08 04:02:05.000000,control,old_page,0
610623,2017-01-09 04:06:44.000000,control,old_page,0
610020,2017-01-03 02:53:03.000000,control,old_page,0
601056,2017-01-08 07:22:16.000000,treatment,new_page,0
607457,2017-01-06 01:14:44.000000,control,old_page,0
610783,2017-01-06 19:53:43.000000,treatment,new_page,1
604843,2017-01-09 03:08:10.000000,treatment,new_page,0
604754,2017-01-15 07:40:11.000000,control,old_page,0
604413,2017-01-09 06:00:18.000000,treatment,new_page,0
602494,2017-01-12 16:52:15.000000,treatment,new_page,0
610785,2017-01-07 23:09:11.000000,control,old_page,0
606400,2017-01-08 07:40:56.000000,treatment,new_page,0
600657,2017-01-10 14:24:03.000000,treatment,new_page,0
610667,2017-01-15 16:53:39.000000,control,old_page,0
602367,2017-01-14 03:26:55.000000,control,old_page,0
600505,2017-01-15 06:37:23.000000,treatment,new_page,0
600203,2017-01-11 00:18:44.000000,treatment,new_page,0
610341,2017-01-12 13:10:17.000000,treatment,new_page,0
609543,2017-01-06 22:47:53.000000,control,old_page,0
605203,2017-01-13 23:25:50.000000,treatment,new_page,0
601580,2017-01-14 00:00:05.000000,control,old_page,0
609118,2017-01-06 17:21:17.000000,treatment,new_page,1
601432,2017-01-15 07:06:45.000000,control,old_page,0
601158,2017-01-03 10:32:40.000000,control,old_page,1
608481,2017-01-14 14:21:50.000000,control,old_page,0
606391,2017-01-08 06:42:39.000000,treatment,new_page,0
600545,2017-01-13 13:29:32.000000,control,old_page,0
609083,2017-01-06 14:07:47.000000,treatment,new_page,0
609676,2017-01-09 17:43:18.000000,control,old_page,0
605320,2017-01-08 22:39:00.000000,treatment,new_page,0
605225,2017-01-12 12:01:35.000000,treatment,new_page,0
604820,2017-01-03 05:34:08.000000,control,old_page,0
611395,2017-01-15 22:46:21.000000,control,old_page,1
606065,2017-01-08 03:08:39.000000,control,old_page,0
602927,2017-01-14 23:25:59.000000,control,old_page,0
604126,2017-01-14 06:38:34.000000,treatment,new_page,0
611648,2017-01-12 07:09:17.000000,treatment,new_page,0
609511,2017-01-02 22:24:19.000000,control,old_page,0
600240,2017-01-05 00:52:53.000000,control,old_page,0
607720,2017-01-13 17:22:24.000000,control,old_page,0
604471,2017-01-02 22:33:51.000000,control,old_page,1
610152,2017-01-08 14:39:36.000000,control,old_page,0
600509,2017-01-15 23:21:17.000000,control,old_page,0
609125,2017-01-16 09:23:22.000000,treatment,new_page,0
611450,2017-01-07 16:42:31.000000,control,old_page,0
611568,2017-01-05 15:40:36.000000,treatment,new_page,0
606594,2017-01-06 00:23:51.000000,treatment,new_page,0
606396,2017-01-04 11:14:52.000000,control,old_page,0
601595,2017-01-02 15:01:24.000000,treatment,new_page,0
603622,2017-01-07 08:45:53.000000,control,old_page,1
608933,2017-01-12 05:56:56.000000,treatment,new_page,0
610471,2017-01-05 11:06:58.000000,control,old_page,1
609111,2017-01-06 08:26:25.000000,treatment,new_page,0
608500,2017-01-12 01:28:44.000000,treatment,new_page,0
600430,2017-01-12 04:04:04.000000,treatment,new_page,0
611369,2017-01-16 10:09:16.000000,control,old_page,0
603141,2017-01-12 09:00:28.000000,treatment,new_page,0
601108,2017-01-13 10:19:45.000000,treatment,new_page,0
611878,2017-01-15 08:55:03.000000,control,old_page,0
605097,2017-01-09 01:05:02.000000,treatment,new_page,0
604129,2017-01-06 00:28:31.000000,treatment,new_page,1
604109,2017-01-16 00:24:50.000000,treatment,new_page,0
603389,2017-01-07 03:46:50.000000,control,old_page,0
605533,2017-01-07 20:59:09.000000,treatment,new_page,0
602955,2017-01-09 16:55:54.000000,control,old_page,0
600877,2017-01-07 23:37:55.000000,treatment,new_page,0
601831,2017-01-11 21:25:02.000000,control,old_page,0
606228,2017-01-03 07:40:32.000000,treatment,new_page,0
607378,2017-01-13 11:11:51.000000,control,old_page,0
603451,2017-01-14 00:32:05.000000,treatment,new_page,0
602650,2017-01-09 19:52:34.000000,treatment,new_page,0
611463,2017-01-02 15:10:05.000000,treatment,new_page,1
601960,2017-01-09 07:08:51.000000,treatment,new_page,0
608843,2017-01-08 23:06:31.000000,control,old_page,0
609982,2017-01-03 11:35:15.000000,treatment,new_page,0
602109,2017-01-11 19:57:04.000000,treatment,new_page,0
602385,2017-01-06 18:28:49.000000,treatment,new_page,0
604947,2017-01-04 02:41:47.000000,control,old_page,0
609239,2017-01-05 10:40:01.000000,treatment,old_page,0
601724,2017-01-03 23:12:50.000000,treatment,new_page,0
607186,2017-01-10 07:33:45.000000,control,old_page,0
611785,2017-01-08 21:07:30.000000,control,old_page,0
610263,2017-01-13 05:51:50.000000,treatment,new_page,0
604195,2017-01-10 10:11:13.000000,control,old_page,1
605884,2017-01-07 15:49:44.000000,treatment,new_page,0
606525,2017-01-02 13:55:10.000000,control,old_page,0
604838,2017-01-09 13:51:12.000000,control,old_page,0
602835,2017-01-14 11:24:20.000000,control,old_page,0
602768,2017-01-08 22:51:50.000000,control,old_page,1
603600,2017-01-13 22:52:49.000000,control,old_page,0
606629,2017-01-07 23:13:40.000000,control,old_page,0
601328,2017-01-05 02:51:23.000000,control,old_page,0
603539,2017-01-06 20:07:52.000000,treatment,new_page,0
607054,2017-01-12 04:33:24.000000,control,old_page,0
609432,2017-01-15 10:46:26.000000,control,old_page,0
607825,2017-01-11 02:08:18.000000,treatment,new_page,0
606480,2017-01-04 06:29:49.000000,control,old_page,1
610616,2017-01-14 02:35:03.000000,control,old_page,1
601517,2017-01-02 21:12:16.000000,treatment,new_page,0
609903,2017-01-14 02:39:18.000000,treatment,new_page,0
600839,2017-01-14 19:30:17.000000,treatment,new_page,1
607401,2017-01-13 01:18:26.000000,control,old_page,0
603828,2017-01-06 15:35:54.000000,treatment,new_page,0
600908,2017-01-09 03:30:41.000000,control,old_page,0
600690,2017-01-16 06:40:37.000000,treatment,new_page,0
610799,2017-01-03 00:57:50.000000,treatment,new_page,0
601649,2017-01-08 09:22:26.000000,treatment,new_page,0
604231,2017-01-06 19:37:43.000000,control,old_page,0
609693,2017-01-12 00:54:46.000000,treatment,new_page,0
607487,2017-01-09 23:49:13.000000,treatment,new_page,0
604483,2017-01-03 10:28:58.000000,treatment,new_page,0
604770,2017-01-11 12:19:30.000000,control,old_page,1
602623,2017-01-05 03:58:31.000000,control,old_page,0
608316,2017-01-03 03:52:31.000000,control,old_page,0
607612,2017-01-07 21:01:12.000000,control,old_page,0
610744,2017-01-13 13:52:26.000000,control,old_page,0
600035,2017-01-09 13:34:50.000000,treatment,new_page,0
611177,2017-01-11 17:09:26.000000,control,old_page,0
605055,2017-01-14 17:53:02.000000,treatment,new_page,0
611064,2017-01-06 14:49:26.000000,control,old_page,0
608865,2017-01-07 20:08:33.000000,control,old_page,1
611679,2017-01-12 11:20:24.000000,control,old_page,0
601480,2017-01-08 00:27:47.000000,treatment,new_page,1
607296,2017-01-03 16:59:25.000000,control,old_page,0
610079,2017-01-03 13:20:59.000000,treatment,new_page,0
603500,2017-01-09 00:48:50.000000,treatment,new_page,0
608918,2017-01-07 00:32:00.000000,control,old_page,0
603242,2017-01-04 21:05:52.000000,control,old_page,0
606126,2017-01-11 14:48:00.000000,treatment,new_page,0
608597,2017-01-13 23:36:38.000000,control,old_page,0
607800,2017-01-08 00:55:31.000000,treatment,new_page,0
605818,2017-01-15 16:36:33.000000,control,old_page,0
604092,2017-01-06 19:18:40.000000,control,old_page,0
604605,2017-01-06 15:59:40.000000,treatment,new_page,0
608430,2017-01-12 21:33:52.000000,control,old_page,0
603000,2017-01-07 21:51:25.000000,treatment,new_page,0
600158,2017-01-12 18:45:49.000000,control,old_page,0
611256,2017-01-09 14:45:58.000000,treatment,new_page,0
606453,2017-01-13 01:29:29.000000,treatment,new_page,0
607311,2017-01-03 02:47:51.000000,treatment,new_page,0
610256,2017-01-05 19:59:31.000000,treatment,new_page,0
601573,2017-01-03 22:38:02.000000,treatment,new_page,0
606754,2017-01-16 00:08:55.000000,control,old_page,0
601369,2017-01-05 10:12:44.000000,control,old_page,1
605047,2017-01-16 09:15:18.000000,control,old_page,0
609518,2017-01-04 14:11:47.000000,treatment,new_page,0
604105,2017-01-10 16:12:55.000000,control,old_page,0
601299,2017-01-04 12:18:56.000000,control,old_page,0
607183,2017-01-11 12:01:25.000000,treatment,new_page,0
600340,2017-01-16 02:35:51.000000,treatment,new_page,0
609930,2017-01-08 13:56:10.000000,treatment,new_page,0
600308,2017-01-02 13:14:11.000000,control,old_page,0
610047,2017-01-07 22:04:19.000000,treatment,new_page,1
602559,2017-01-10 07:55:09.000000,control,old_page,0
602271,2017-01-04 17:40:26.000000,control,old_page,0
611105,2017-01-06 14:13:25.000000,treatment,new_page,0
600129,2017-01-07 23:53:44.000000,control,old_page,1
600103,2017-01-02 13:19:59.000000,treatment,new_page,0
610862,2017-01-12 09:49:19.000000,treatment,new_page,0
606460,2017-01-08 18:52:59.000000,control,old_page,0
610548,2017-01-12 14:43:09.000000,treatment,new_page,1
608812,2017-01-10 02:15:59.000000,control,old_page,0
606783,2017-01-15 21:18:36.000000,control,old_page,0
609522,2017-01-02 22:13:59.000000,treatment,new_page,0
604945,2017-01-05 00:15:26.000000,treatment,new_page,0
610481,2017-01-12 18:29:48.000000,control,old_page,0
606165,2017-01-11 06:51:11.000000,control,old_page,0
611686,2017-01-05 10:11:37.000000,control,new_page,0
605672,2017-01-08 19:41:52.000000,control,old_page,0
601147,2017-01-10 14:42:22.000000,control,old_page,0
604743,2017-01-16 11:13:13.000000,treatment,new_page,0
604008,2017-01-13 13:19:18.000000,control,old_page,1
611697,2017-01-12 12:53:46.000000,treatment,new_page,1
609268,2017-01-03 12:26:14.000000,treatment,new_page,0
606114,2017-01-14 09:51:27.000000,control,old_page,1
606219,2017-01-12 00:33:43.000000,control,old_page,0
609302,2017-01-08 22:54:27.000000,treatment,new_page,0
607518,2017-01-03 08:00:41.000000,treatment,new_page,0
609159,2017-01-13 22:55:00.000000,treatment,new_page,1
611190,2017-01-02 13:19:49.000000,treatment,new_page,0
600996,2017-01-13 11:26:55.000000,control,old_page,0
611628,2017-01-09 09:45:02.000000,control,old_page,0
600918,2017-01-05 07:18:12.000000,control,old_page,1
608846,2017-01-11 00:13:30.000000,treatment,new_page,0
600418,2017-01-11 00:52:00.000000,control,old_page,1
610446,2017-01-08 02:21:34.000000,treatment,new_page,0
604939,2017-01-05 02:16:01.000000,control,old_page,0
610749,2017-01-13 22:22:30.000000,control,old_page,0
600464,2017-01-14 12:57:15.000000,treatment,new_page,0
602765,2017-01-08 18:04:04.000000,treatment,new_page,0
603960,2017-01-16 01:53:03.000000,control,old_page,0
607880,2017-01-13 20:38:58.000000,treatment,new_page,0
604915,2017-01-05 13:00:40.000000,control,old_page,0
601658,2017-01-07 11:27:08.000000,control,old_page,1
602664,2017-01-12 17:56:34.000000,treatment,new_page,0
606069,2017-01-10 14:07:17.000000,treatment,new_page,0
602427,2017-01-11 15:39:20.000000,control,old_page,0
608304,2017-01-12 15:19:11.000000,control,old_page,0
607727,2017-01-15 08:20:34.000000,control,old_page,0
601100,2017-01-11 15:24:08.000000,control,old_page,0
607268,2017-01-07 16:25:11.000000,control,old_page,1
602968,2017-01-03 16:22:03.000000,treatment,new_page,0
602434,2017-01-04 08:13:29.000000,control,old_page,0
611875,2017-01-03 16:22:18.000000,treatment,new_page,0
607437,2017-01-11 00:28:05.000000,treatment,new_page,0
600570,2017-01-03 01:05:06.000000,treatment,new_page,0
606686,2017-01-03 20:31:44.000000,treatment,new_page,0
601526,2017-01-12 22:09:18.000000,treatment,new_page,1
609635,2017-01-03 03:48:16.000000,treatment,new_page,0
610702,2017-01-14 13:28:35.000000,control,old_page,1
608823,2017-01-06 15:38:42.000000,treatment,new_page,0
605733,2017-01-12 11:02:17.000000,control,old_page,0
611832,2017-01-06 04:43:03.000000,control,old_page,0
605581,2017-01-05 01:40:01.000000,treatment,new_page,0
607346,2017-01-14 15:38:14.000000,control,old_page,0
608698,2017-01-16 03:52:17.000000,treatment,new_page,0
601141,2017-01-03 00:50:44.000000,control,old_page,0
601079,2017-01-11 13:14:48.000000,treatment,new_page,1
601240,2017-01-10 07:10:24.000000,treatment,new_page,0
609869,2017-01-13 00:15:32.000000,control,old_page,0
601754,2017-01-09 00:43:40.000000,treatment,old_page,1
609875,2017-01-15 14:34:05.000000,treatment,new_page,1
602720,2017-01-07 16:01:38.000000,treatment,new_page,0
608911,2017-01-05 16:40:00.000000,treatment,new_page,0
604812,2017-01-03 04:38:07.000000,treatment,new_page,0
601502,2017-01-10 16:10:34.000000,control,old_page,0
608672,2017-01-15 03:33:38.000000,treatment,new_page,0
610764,2017-01-15 13:02:46.000000,treatment,new_page,1
603872,2017-01-07 01:35:45.000000,control,old_page,0
607193,2017-01-06 01:16:30.000000,control,old_page,0
603172,2017-01-07 13:27:16.000000,treatment,new_page,0
606481,2017-01-11 21:10:38.000000,treatment,new_page,0
610137,2017-01-11 22:45:03.000000,treatment,new_page,0
602380,2017-01-04 23:51:19.000000,control,old_page,0
604339,2017-01-06 18:43:11.000000,treatment,new_page,0
610088,2017-01-12 04:58:15.000000,control,old_page,0
609348,2017-01-02 16:18:16.000000,treatment,new_page,0
611801,2017-01-03 06:27:10.000000,control,old_page,1
602560,2017-01-07 02:28:49.000000,control,old_page,0
602658,2017-01-16 02:39:34.000000,treatment,new_page,0
611175,2017-01-16 06:55:23.000000,treatment,new_page,0
602513,2017-01-03 13:51:37.000000,control,old_page,0
602945,2017-01-16 09:25:15.000000,treatment,new_page,0
603589,2017-01-02 21:34:40.000000,control,old_page,0
610418,2017-01-06 09:23:33.000000,control,old_page,0
